Product Name,Price,Seller,Shipping,Rating,Location,Sale
Shop on eBay,$20.00,Not Available,Not Available,Not Available,Not Available,Not Available
Shop on eBay,$20.00,Not Available,Not Available,Not Available,Not Available,Not Available
"Chinese Latiao Snack Spicy Stripes, Spicy Large Gluten Snacks 360g",$19.02 to $55.37,b2c.cn (276) 96.4%,Free International Shipping,Not Available,from China,Not Available
JOYTOSS One Pcs Chips Challenge NEW (1 Pack),$11.07,indian-beautifulart (106) 95.7%,Free International Shipping,Not Available,from India,Not Available
500g / 1KG / 5KG Big Bag Traditional Pork Scratchings In 15 Flavours,$15.72 to $87.20,"theposhpiguk (2,355) 99.4%",+$60.14 shipping estimate,Not Available,from United Kingdom,Not Available
Japanese DAGASHI UMAI-BO 40 pcs Snacks UMAIBO MENTAIKO TAKOYAKI from Japan!!!,$19.08,sachie2018 (38) 100%,+$10.98 shipping,56 watchers,from Japan,Not Available
Chinese La Tiao Snack A Variety of Spicy Strips Spicy Big Latiao Snacks 218g,$12.99,toplongtea (285) 96.6%,+$4.99 shipping,14 watchers,from China,Not Available
Asian Snack Box | 50 pcs | Best of Japanese Korean ASIAN Snacks | SNACK SAMPLERS,$9.99 to $61.99,higardenia (309) 100%,+$28.29 shipping,Not Available,from United States,Not Available
"Takis Fuego, Blue Heat & Intense Nacho Hero Pack | 10, 20, 30, 46 Bags | 28.4g",$23.59 to $60.31,"5starltd (65,563) 99.5%",+$49.94 shipping estimate,Not Available,from United Kingdom,Not Available
NEW! Japanese candy chocolate and snacks 1Kg box / Direct shipping from Japan!,$68.44,"byebyegaijin (1,851) 100%",Free International Shipping,34 watchers,from Japan,Not Available
Small Crab Snacks Ready-to-eat Crispy Sweet and Spicy Sea Crabs 55g*2PCS,$12.65,chendaq47 (649) 97.5%,Free International Shipping,Not Available,from China,Not Available
CRATZ  Pepper Bacon taste 42g Japanese Salty Snack from Japan Glico,$3.00,"danke2233 (2,244) 100%",+$5.00 shipping,Not Available,from Japan,Not Available
500g / 1KG / 5KG Big Bag Traditional Pork CRACKLING In 15 Flavours,$15.72 to $85.89,"theposhpiguk (2,355) 99.4%",+$60.10 shipping estimate,Not Available,from United Kingdom,Not Available
Spicy Sea Crab Small Crab Snacks Crispy Crab Can 250g,$14.89,b2c.cn (276) 96.4%,Free International Shipping,8+ watchers,from China,Not Available
Mixed Dried Fruit and Vegetable Crispy Fruit Vegetable Healthy Vegetarian Snacks,$14.59,ph.factoryshop (214) 96.3%,+$2.50 shipping,Not Available,from China,40% off
Japanese popular snack UMAIBO 14 all different flavors.and Takoyaki snack,$10.80,"maymin.japan.kyoto (2,969) 99.7%",+$3.50 shipping,Not Available,from Japan,Not Available
Cookies Chips Candy Snacks SALE Care Package Variety Pack 20 Count  Sampler Box,$29.99,knightny (56) 100%,+$50.60 shipping,10 watchers,from United States,Not Available
Scooby Fruit Snack Value Pack | .9 Ounce | Pack of 24,$27.62,"whypaymore (156,285) 98.9%",+$27.39 shipping,15 watchers,from United States,Not Available
Spicy Baby Crab Seafood Snacks Instant Sweet & Spicy Crispy Dried Baby Crab,$15.05 to $43.75,b2c.cn (276) 96.4%,Free International Shipping,Not Available,from China,Not Available
"50 Exotic Japanese Korean Asian Snack Box With Ramen & Drinks, Snack Sampler Box",$11.99 to $38.99,"premierproductsworld (1,509) 99.4%",+$27.67 shipping,Not Available,from United States,Not Available
Soy sauce Rice cracker Senbei 120g Kameda japanese snack from Japan,$6.50,"danke2233 (2,244) 100%",+$5.00 shipping,Not Available,from Japan,Not Available
Crispy Chilli Sesame Fried Thai Snacks Flavor Savory Spice Herb Food Asian Pack,$11.74,thaismai1960 (216) 100%,Free International Shipping,Not Available,from Thailand,Not Available
Slim Jim Snack Jerky Meat Snacks Travel Snack Smocked Snack 14ct,$18.35,"jzzukltd (246,567) 99.3%",+$57.76 shipping estimate,8 watchers,from United Kingdom,Not Available
Small Ready to Eat Crab Snacks Crispy Sweet Spicy Sea Crab 55g/Bag,$6.74 to $28.51,b2c.cn (276) 96.4%,Free International Shipping,Not Available,from China,Not Available
Caramel Corn snack 75g Tohato Japan,$5.50,"danke2233 (2,244) 100%",+$5.00 shipping,Not Available,from Japan,Not Available
Cute & Spicy Crispy Dried Baby Crabs Spicy Seafood Snacks,$13.01 to $36.92,b2c.cn (276) 96.4%,Free International Shipping,Not Available,from China,Not Available
1Kg Uncle Albert's Traditional Pork Scratchings  Seasoned- ¬£16.45 inc P & P,$21.57,"brmorr-1151 (1,441) 99.2%",+$62.58 shipping estimate,Not Available,from United Kingdom,Not Available
Potato Chips Lays (Various Flavors)  -  120g (4.23 oz),$15.00,"sm_art_glass (1,387) 95.1%",Free International Shipping,Not Available,from Ukraine,Not Available
PU-THAI SQUID FLAVOR CRISPY SNACK THAIFOOD,$11.00,beer88-thailand (219) 100%,Free International Shipping,Not Available,from Thailand,Not Available
Glico Pretz Tomato flavor stick japanese snack pocky from Japan,$3.00,"danke2233 (2,244) 100%",+$5.00 shipping,Not Available,from Japan,Not Available
"NEW Gushers Wednesday TV Fruit Flavored Snacks, 20 Pouches, 16 Oz, LIMITED TIME",$14.99,newcentral (0) 0%,+$209.74 shipping,Not Available,from United States,Not Available
"Roasted and salted seeds Trail mix 500g, Diet Snacks,Immunity Booster, Pack of 3",$70.00,jjcrunchnmunch (1) 100%,Free International Shipping,Not Available,from India,7% off
"Halloween Asian Snack Box ‚Äì 45 Pieces of Japanese, Korean & Asian Snacks",$52.00,hungrybaboy (203) 100%,+$75.61 shipping,Not Available,from United States,Not Available
"Chinese Latiao Snack Gift A Variety of Spicy Strips,spicy Big Gluten Snacks 360g",$22.99,chendaq47 (649) 97.5%,Free International Shipping,Not Available,from China,Not Available
Chinese Latiao Snack A Variety of Spicy Strips Spicy Big Gluten Snacks 218g,$14.98,crownwelltea (316) 97.9%,+$4.99 shipping,30 watchers,from China,Not Available
RANDOM Munchies Boxxx 65+ct tasty Snacks Care Package/Snack box,$28.79,clcgc19 (118) 94.7%,+$72.71 shipping,Not Available,from United States,Not Available
60 Pieces With Drink & Ramen Mix Variety Asian Snack Box Japanese Korean Taiwan,$9.99 to $44.99,"premierproductsworld (1,509) 99.4%",+$65.66 shipping,Not Available,from United States,Not Available
American Snacks - Ruffles Potato Chips - Various Flavours 6.5oz (184.2g),$9.17 to $32.77,"groceriesrus (30,980) 99.6%",+$48.98 shipping estimate,Not Available,from United Kingdom,Not Available
Healthy Nut Free Snacks Chips Candy 45 Count Variety Sampler Snack Care Package,$44.99,"chatteringparrots (10,420) 98.5%",+$51.05 shipping,Not Available,from United States,Not Available
CORNAE AMERICAN CORN SNACK THAIFOOD 28g.,$6.50,beer88-thailand (219) 100%,Free International Shipping,Not Available,from Thailand,Not Available
Oman Chips Chilli Flavor  Pack of 20 x 22g,$10.27,bh-aghaf (40) 89.5%,+$16.65 shipping,Not Available,from Bahrain,16% off
Smiths Scampi & Bacon Fries Mixed Snacks (48 Pack) Pub Card Bundle,$36.70,"sterlingsportsltd (55,179) 98.4%",+$52.45 shipping,Not Available,from United Kingdom,Not Available
Calbee Jagarico Cheese taste snack 58g from Japan japanese snack jagariko,$4.50,"danke2233 (2,244) 100%",+$5.00 shipping,Not Available,from Japan,Not Available
American Snacks - Takis Rare Flavour Variety - A Feast for the Brave!  US Import,$13.10 to $26.21,"groceriesrus (30,980) 99.6%",+$48.76 shipping estimate,Not Available,from United Kingdom,Not Available
Takis Fuego 3.25oz (92.3g) case of 20,$26.21,"groceriesrus (30,980) 99.6%",+$48.76 shipping estimate,Not Available,from United Kingdom,Not Available
83 Bars Nature‚Äôs Bakery Emmy‚Äôs Organic Cookies Junkless Bobo‚Äôs Cascadian Farms,$18.50,"vinnie1218 (2,200) 100%",+$99.77 shipping,Not Available,from United States,Not Available
GIANT Corn SALTED Roasted Toasted Crunchy Salt Kernels kikos Love BULK 500g 1KG,$13.10 to $242.60,"willesdens (17,026) 99.8%",+$70.20 shipping estimate,Not Available,from United Kingdom,Not Available
POTAE POTATO SNACK THAIFOOD,$6.50,beer88-thailand (219) 100%,Free International Shipping,Not Available,from Thailand,Not Available
Weilong Hotstrips Latiao 2 Bags Chinese Snack Spicy Foods,$8.87,"fr.shoppingmall (1,985) 97.2%",Free International Shipping,6 watchers,from China,Not Available
Ukrainian Potato Chips Lux 133g (Various Flavors),$15.00,"sm_art_glass (1,387) 95.1%",Free International Shipping,Not Available,from Ukraine,Not Available
Lava Lava Chips A4 3pcs,$13.00,"rol_sovk (1,102) 100%",+$9.00 shipping,Not Available,from Latvia,Not Available
Chex Mix Traditional Savory Snack Mix (42 pk.)   FREE SHIPPING,$13.56,icemansthunderllc (226) 97.8%,+$77.05 shipping,Not Available,from United States,20% off
Spicy Baby Crabs Seafood Snacks Dried Baby Crabs,$15.26 to $43.95,b2c.cn (276) 96.4%,Free International Shipping,Not Available,from China,Not Available
"Crispy fried chicken skin snack , original flavor, 30 grams",$14.00 to $65.00,genuine-asian-item-shop (911) 100%,Free International Shipping,7+ watchers,from Thailand,Not Available
"Healthy Gourmet Snack Box: Curated Vegan, Gluten-Free, Nut-Free Selections",$32.99 to $39.97,elevate_snack_box (304) 100%,+$27.76 shipping,2+ watchers,from United States,Not Available
1KG GOJI BERRIES TIBETAN SUN-DRIED RAW NATURAL HEALTHY VEGAN SUPERFOOD SNACK,$17.69,"spring-blossom (6,902) 99.9%",+$80.82 shipping estimate,Not Available,from United Kingdom,25% off
"Takis Fuego Hot Chill & Lime Crunchy American Crisp | 10, 20,30, 46 Bags | 28.4g",$23.59 to $60.31,"5starltd (65,563) 99.5%",+$49.94 shipping estimate,Not Available,from United Kingdom,Not Available
Porippy Salty Peanut snack 100g Denroku from Japan,$5.00,"danke2233 (2,244) 100%",+$5.00 shipping,Not Available,from Japan,Not Available
Excellent Karinto fried dough cookies 130g Yamawaki from Japan,$7.00,"danke2233 (2,244) 100%",+$5.00 shipping,Not Available,from Japan,Not Available
"Crispy fried chicken skin snack , Salted egg flavor, 30 grams K",$11.80 to $65.57,mooninja555 (260) 98.3%,+$3.93 shipping,Not Available,from Thailand,Not Available
89 Milano Cookies Bars Nature Valley Fiber One Belvita Protein Peanut Brownie,$18.50,"vinnie1218 (2,200) 100%",+$110.00 shipping,Not Available,from United States,Not Available
10 pieces Lay's potato chips 120 g with crab flavor (1200 g),$69.99,ukrfamilystore (40) 100%,Free International Shipping,Not Available,from Ukraine,Not Available
Umaibo 10Flavor Assort 30Sticks Set Corn Puff Snack Dagashi Made in Japan,$21.95,hackintokyo (261) 100%,+$9.00 shipping,15 watchers,from Japan,Not Available
Lay's Potato Chips with Crab flavor 120 g. Best price and fast shipping,$14.95,ukrainian_finds (16) 100%,Free International Shipping,Not Available,from Ukraine,Not Available
Calbee Mino Green soybeans Salt taste snack 28g from Japan,$3.50,"danke2233 (2,244) 100%",+$5.00 shipping,Not Available,from Japan,Not Available
"Crispy fried chicken skin snack , Korean Style Sauce flavor, 30 grams",$14.00 to $65.00,genuine-asian-item-shop (911) 100%,Free International Shipping,Not Available,from Thailand,Not Available
250g Jinzai Quail Egg Snacks Mixed Flavor Chinese Snack Âä≤‰ªîÂ∞èËõãÂúÜÂúÜÁàÜÊ±ÅÈπåÈπëËõã #,$17.99,jurisbyf (490) 99.1%,+$2.99 shipping,Not Available,from China,Not Available
2x ONE CHIP CHALLENGE üî• WORLDS HOTTEST CHILLI CHIP üî•üî•üî•SUPER FAST DELIVERY,$7.80,gingerstarstar (709) 100%,+$48.13 shipping estimate,Not Available,from United Kingdom,Not Available
Bombay Mix 1kg MEDIUM SPICY Crunchy Savoury Indian Snacks hot chilli 500g 2KG uk,$19.01 to $170.46,"willesdens (17,026) 99.8%",+$63.01 shipping estimate,Not Available,from United Kingdom,Not Available
BIGGA VANILLA MILK FLAVOR FLAVOR CORN SNACK THAIFOOD (BIGGA BRAND),$11.00,beer88-thailand (219) 100%,Free International Shipping,3 watchers,from Thailand,Not Available
20 Packs Of Mixed Flavor Pork Crispy Bone Snacks  Pork Chop Crispy Cooked Food#,$16.96,fangyo43 (262) 100%,Free International Shipping,Not Available,from China,Not Available
Calbee Jagabee Happy Butter taste potato snack 75g from Japan,$5.50,"danke2233 (2,244) 100%",+$5.00 shipping,Not Available,from Japan,Not Available
Calbee sweet potato snack without seasoning 38g from Japan,$3.00,"danke2233 (2,244) 100%",+$5.00 shipping,Not Available,from Japan,Not Available
Kameda Rice cracker Japanese plum flavor 16 pcs from Japan,$6.00,"danke2233 (2,244) 100%",+$5.00 shipping,Not Available,from Japan,Not Available
Favorite USA Snacks Cakes Cookies Pastry 20 Count Snack Care Package Gift Box,$36.99,"chatteringparrots (10,420) 98.5%",+$27.67 shipping,120 watchers,from United States,Not Available
Hand Peeled Bamboo Sprouts Delicious Fresh Bamboo Sprouts,$22.34,b2c.cn (276) 96.4%,Free International Shipping,17 watchers,from China,Not Available
2x Doritos ‚ÄúVery Spicy‚Äù corn snacks 55gr.,$10.00,konikov2010 (320) 100%,Free International Shipping,Not Available,from Israel,Not Available
"College Care Package. Popcorn, Chips, Bars, Cookies, Candy, Snack Box, 40 Count",$39.99,"chatteringparrots (10,420) 98.5%",+$65.67 shipping,Not Available,from United States,Not Available
CORNAE AMERICAN CORN SNACK THAIFOOD 56 GRAM,$12.00,beer88-thailand (219) 100%,Free International Shipping,Not Available,from Thailand,Not Available
Sabritas Mexican chips Habanero 5 BAGS (45 G),$12.63,mexicansstuff (965) 97.1%,+$17.96 shipping,Not Available,from United States,Not Available
SNACK JACK GREEN PEA SNACK ORIGINAL FLAVOR THAIFOOD 70 GRAM,$12.00,beer88-thailand (219) 100%,Free International Shipping,Not Available,from Thailand,Not Available
"Traditional Pub Snacks Pub Card Including Pork Scratching, Bacon & Scampi Fries",$15.72,"massdav (12,723) 99.3%",+$53.03 shipping estimate,Not Available,from United Kingdom,Not Available
250g Dried Shrimp Instant Snack Roasted Shrimp Spicy Shrimp Crunchy and Crispy,$21.62,"bloomforever08 (3,280) 98.7%",+$2.00 shipping,Not Available,from China,6% off
Lay‚Äôs Oregano Chips Greek *IF YOU BUY 4 YOU WILL RECEIVE 8* LONG EXPIRY +GIFT,$10.00,avramgr2014 (641) 99.1%,Free International Shipping,Not Available,from Greece,Not Available
2x10g. Taotong Cuttlefish Roasted Seasoned Squid Thai Snack Beer Party Relax,$13.53,"megaquality_es2 (1,519) 89.1%",+$0.59 shipping,Not Available,from Thailand,Not Available
Integrated Freeze Dried Fruit Crisps 250-500g Vegetable Crisps Mixed Snacks,$16.61 to $50.05,b2c.es.b2c (122) 97.3%,+$2.94 shipping,Not Available,from China,5% off
Pistachio 500g Nut Mixed Snacks Pistachio Bulk Dried Fruit Macadamia nuts,$26.35,sunbabyshop (483) 98.1%,Free International Shipping,Not Available,from China,6% off
Eti Wafe Up Wafer | Tasty Snacks | 40g X 8pcs | Mix Flavors,$25.00,zaalet_0 (19) 95.2%,Free International Shipping,Not Available,from Jordan,Not Available
Calbee Takoyaki corn snack 55g from Japan japanese snack,$5.00,"danke2233 (2,244) 100%",+$5.00 shipping,Not Available,from Japan,Not Available
Dried Banana Chips 1kg 2kg 100g 500g 5kg 8kg 10kg BULK chip Sweet Fruit Snack UK,$14.36 to $98.33,"willesdens (17,026) 99.8%",+$83.60 shipping estimate,Not Available,from United Kingdom,Not Available
Umai bar snack Spicy cod roe flavor x 10 set Yaokin from Japan,$9.50,"danke2233 (2,244) 100%",+$5.00 shipping,Not Available,from Japan,Not Available
Pringles Original Flavored Potato Chips BURSTING WITH FLAVOUR Snack 42g.,$9.04,"megaquality9 (73,250) 93.5%",+$2.61 shipping,Not Available,from Thailand,Not Available
Fun Size Assorted Chocolate Bulk Mix Variety Pack - 2 Lb /3 Lb /4 Lb /5 Lb /6 Lb,$20.99 to $49.99,"ibexpc (2,064) 99.1%",+$69.96 shipping,5+ watchers,from United States,Not Available
Spicy Strip Spicy Snack Chinese Snacks Are Delicious 125g*4bag ‰∏≠ÂõΩËæ£Êù°È¶ôËæ£‰∏ùÂ§ßËæ£Ê£íÂ§ßÂàÄËÇâÂ§ßËæ£Áâá,$26.45,appreciatezhu (876) 98.1%,Free International Shipping,Not Available,from China,Not Available
Glico Cheeza Cheddar Cheese 40g cheese cracker from Japan,$3.50,"danke2233 (2,244) 100%",+$5.00 shipping,Not Available,from Japan,Not Available
Golden Wonder Crisps Fully Flavoured Mixed Variety Box 25g Bags 32 Pack,$16.90,"thewelshpantryshop (1,086) 99.7%",+$48.43 shipping estimate,Not Available,from United Kingdom,Not Available
"Jamaican snack box, Jamaican snacks, big foot, digestives, bun, plantain chips",$25.00,abbysal0 (0) 0%,+$12.00 shipping,Not Available,from Jamaica,Not Available
2 Bags Of Original Buc-ee's Beaver Nuggets Sweet Corn Puffed Snacks Texas (13oz),$20.00,makeofferking (47) 96%,+$15.00 shipping,Not Available,from United States,23% off
468g Preserved Dried Olive Sour & Sweet Chinese Specialty Asian Food Fruit Snack,$22.99,chendaq47 (649) 97.5%,Free International Shipping,Not Available,from China,Not Available
DJ & A Veggie Crisps Original 90g,$11.79 to $51.79,"broadwaycandyco (12,425) 99.4%",+$58.92 shipping estimate,Not Available,from United Kingdom,Not Available
Care Package 45 Count Snack Sampler Gift Basket,$24.99,"thenewmall (17,977) 98.3%",+$50.46 shipping,Not Available,from United States,Not Available
Golden Premium Baklava with Pistachios and Walnut,$36.19,"cologne19 (1,146) 88.2%",+$5.47 shipping,28 watchers,from Germany,Not Available
"""Nice Chips"" on a Delicious Natural Potato Chips ( best price for you )",$2.50,na_460386 (1) 100%,Free International Shipping,Not Available,from Jordan,Not Available
Organic Dried Goji Berries Superfood Raw Vegan Wolfberries by Wholeberry,$14.49 to $199.90,"fenya-4 (1,308) 99.2%",+$32.47 shipping,Not Available,from United States,Not Available
CJ BIBIGO Roasted Korean Seasoned Seaweed Savoury Laver Nori Snacks (10 Pcs) 40g,$13.05,"starrymartuk (9,878) 99.8%",+$57.58 shipping estimate,Not Available,from United Kingdom,Not Available
P@qui 0ne Chip Challenge 2022 - (2chips) New/Sealed,$49.99,tommylang23 (27) 100%,+$16.90 shipping,Not Available,from United States,Not Available
Hot 2024 Spicy Potato Chips Specialty Spicy Snacks Snack Potato Chips,$6.47 to $42.57,sunbabyshop (483) 98.1%,Free International Shipping,Not Available,from China,6% off
Natori Kaki no tane Rice cracker and Peanut 108g Jolly Pack from Japan,$4.50,"danke2233 (2,244) 100%",+$5.00 shipping,Not Available,from Japan,Not Available
CORNAE AMERICAN CORN SNACK SHEESE FLAVOUR THAIFOOD 56 GRAM,$12.00,beer88-thailand (219) 100%,Free International Shipping,Not Available,from Thailand,Not Available
Habanero potato snack Hot and Spicy flavor 56g Tohato Japan,$5.50,"danke2233 (2,244) 100%",+$5.00 shipping,Not Available,from Japan,Not Available
18g*20 Packs Xiaohuatou Latiao Chinese Food Spicy Snacks,$14.00,"fr.shoppingmall (1,985) 97.2%",Free International Shipping,Not Available,from China,Not Available
Nigerian Gala Snacks 5 Pieces,$35.00,muiizhicofoodempire_21 (18) 84.6%,+$37.61 shipping,Not Available,from United States,Not Available
"ÊâãÂâ•Á¨ãHand Peeled Bamboo Shoots (230g/Bag) Pickled Bamboo Shoots, Pickled Veget 1PC",$16.99 to $32.99,appreciatezhu (876) 98.1%,Free International Shipping,Not Available,from China,Not Available
Potato Chips Lays (Various Flavors)  -  120g (4.23 oz),$13.00,"sm_art_glass (1,387) 95.1%",Free International Shipping,Not Available,from Ukraine,Not Available
Glico Avocadooza avocado taste snack 40g from Japan,$4.50,"danke2233 (2,244) 100%",+$5.00 shipping,Not Available,from Japan,Not Available
Calbee Jagabee Mild salt taste potato snack 80g from Japan,$5.50,"danke2233 (2,244) 100%",+$5.00 shipping,Not Available,from Japan,Not Available
500g Bibizan Mixed Flavors Dried Mushroom Tofu Snacks ÔºÅÈ¶ôËèáË±ÜÂπ≤Ê∑∑ÂêàÂè£Âë≥Ë±ÜËÖêÂπ≤‰∏≠ÂõΩÈõ∂È£ü,$24.12,liteao (309) 100%,Free International Shipping,Not Available,from China,6% off
Seasoned Seaweed Flakes Furikake with sesame 60g Vegan Gluten Free,$11.74,"wanahong_oriental_store (26,010) 99.5%",+$9.18 shipping,Not Available,from United Kingdom,Not Available
Porippy Peanut snack Spicy with soy sauce flavor 100g Denroku from Japan,$5.00,"danke2233 (2,244) 100%",+$5.00 shipping,Not Available,from Japan,Not Available
"Welch's Mixed Fruit Snacks, Made With Real Fruit, Gluten Free 80 x 25g Pouches",$37.02,"wildflower_trading_ltd (33,820) 99.6%",+$67.89 shipping estimate,Not Available,from United Kingdom,Not Available
Gift Box - Snack Variety Pack 20ct,$19.96,icemansthunderllc (226) 97.8%,+$27.17 shipping,Not Available,from United States,20% off
Taro Fish Snack ORIGINAL FLAVORED Diettary Food Snack Delicious Thai Healty 20g,$11.02,"megaquality6 (13,779) 97.2%",+$0.49 shipping,Not Available,from Thailand,5% off
"Welch's Fruit Snacks, Mixed Fruit, Single Serve Bags, 0.8 oz (Pack of 40)",$8.03,megashop01 (3) 100%,Free shipping,Not Available,from Pakistan,5% off
Umaibo 10 Flavor Assort Stick Set Corn Puff Snack Dagashi Made in Japan Original,$9.95,hackintokyo (261) 100%,+$9.00 shipping,5 watchers,from Japan,Not Available
Umaibo 10Flavor Assort 20Sticks Set Corn Puff Snack Dagashi Made in Japan,$15.95,hackintokyo (261) 100%,+$9.00 shipping,Not Available,from Japan,Not Available
Instant Spicy Scallops with Garlic and Seafood - Vacuum -,$6.86 to $24.03,de.factoryshop (724) 95.1%,Free International Shipping,Not Available,from China,Not Available
Pop Tarts Toasted Pastries American Frosted 12Pc Box - Various flavours,$17.03,"tradefayreeu (9,302) 99.1%",+$53.08 shipping estimate,Not Available,from United Kingdom,Not Available
PU-THAI BLACK PEPPER FLAVOR CRISPY SNACK THAIFOOD,$11.00,beer88-thailand (219) 100%,Free International Shipping,Not Available,from Thailand,Not Available
40 Pieces Asian Snack With Drink & Ramen Mix Variety Box Japanese Korean Taiwan,$9.99 to $29.99,"premierproductsworld (1,509) 99.4%",+$26.87 shipping,Not Available,from United States,Not Available
Bombay Mix 1kg MILD Crunchy Savoury Indian Snacks NON SPICY SAVORY 500g 2KG bulk,$17.70 to $170.46,"willesdens (17,026) 99.8%",+$63.01 shipping estimate,Not Available,from United Kingdom,Not Available
Koikeya Kara Mucho Hot Chili Spicy Potato Stick 105g Japan,$6.00,"danke2233 (2,244) 100%",+$5.00 shipping,Not Available,from Japan,Not Available
2x30g Crispy Chicken Fried Skin Pepper Spicy Snack Papaya Salad Beer Ramen Halal,$13.58,"megaquality6 (13,779) 97.2%",+$0.49 shipping,Not Available,from Thailand,5% off
Directors Cut Cheese & Ham Toasties 24x50g,$28.84,"massdav (12,723) 99.3%",+$48.85 shipping estimate,Not Available,from United Kingdom,Not Available
Kaki no tane Hot Spicy Rice cracker and Peanut 60g from Japan Natori,$4.50,"danke2233 (2,244) 100%",+$5.00 shipping,Not Available,from Japan,Not Available
Asian Korean Japanese Chinese Variety Instant Ramen Box - With Free Snacks,$13.50 to $39.99,"premierproductsworld (1,509) 99.4%",+$27.31 shipping,Not Available,from United States,Not Available
2x Kefli grill flavored snacks,$10.00,konikov2010 (320) 100%,Free International Shipping,Not Available,from Israel,Not Available
6 x TAOTONG Shredded Seasoned Cuttlefish Seafood Snack Delicious Pantry 11.5g,$20.15,"megaquality_es2 (1,519) 89.1%",+$0.89 shipping,4 watchers,from Thailand,Not Available
Want Want  Senbei  | Crispy Sweet / Savoury Rice Cracker Snacks | x 6 packs,$22.28 to $24.90,"wanahong_oriental_store (26,010) 99.5%",+$23.60 shipping,Not Available,from United Kingdom,Not Available
Exotic Snacks SunChips Sun Chips Garlic Baguette Flavored (Imported from Korea),$6.99,bigdeborahsnacksandgifts (37) 100%,+$17.80 shipping,7 watchers,from United States,Not Available
"CHOI's 1(Daechun) Korean BBQ Seaweed Snacks - (36 Pack) - Keto, Gluten Free",$19.66,"wanahong_oriental_store (26,010) 99.5%",+$57.82 shipping estimate,Not Available,from United Kingdom,Not Available
Squidy BAKED CUTTLEFISH CRISP AND DELICIOUS Snack 100% Real Squid GREENLAND 18g,$13.30,"megaquality_es2 (1,519) 89.1%",+$0.59 shipping,Not Available,from Thailand,Not Available
Rice cracker with black bean Soy sauce flavor Senbei 10pcs Sanko from Japan,$6.50,"danke2233 (2,244) 100%",+$5.00 shipping,Not Available,from Japan,Not Available
World Food Mission Balikbayan Snacks Box- Variety Assortment of Classic Filipino,$29.99,worldfoodmission (285) 99.4%,+$58.00 shipping,14 watchers,from United States,Not Available
Natori Butter Peanut 90g Jolly Pack from Japan,$4.50,"danke2233 (2,244) 100%",+$5.00 shipping,Not Available,from Japan,Not Available
Lux Potato Chips with Crab Flavor 133g,$15.00,"sm_art_glass (1,387) 95.1%",Free International Shipping,Not Available,from Ukraine,Not Available
Halloween Gift Box Snack Care Package 60 Count Variety Pack Candy Snack Box,$38.99,"chatteringparrots (10,420) 98.5%",+$27.73 shipping,90 watchers,from United States,Not Available
3PCS Ukrainian MIVINA Snacks Instant Noodle Soup Chicken Vermicelli Not Spicy,$16.19,lozaly (479) 99.1%,+$5.99 shipping,Not Available,from Ukraine,10% off
Vegetable Karinto fried dough cookies 21g x 5 packs Tokyo Karinto from Japan,$7.50,"danke2233 (2,244) 100%",+$5.00 shipping,Not Available,from Japan,Not Available
Olu Olu Sweet Yellow Plantain Chips 60g (Pack of 24),$30.15,"bluemountainpeak (35,295) 99.5%",+$62.87 shipping estimate,Not Available,from United Kingdom,Not Available
12 x Japanese Fried Crispy Seaweed Classic Flavor Snack Tao Kae Noi BIG SHEET,$11.96,"megaquality9 (73,250) 93.5%",+$2.61 shipping,Not Available,from Thailand,Not Available
32g*20 Bags Of Spicy Field Snail Childhood Memories Casual Snacks,$31.99,chendaq47 (649) 97.5%,Free International Shipping,Not Available,from China,Not Available
Glico Pretz Salad taste japanese snack from Japan,$3.00,"danke2233 (2,244) 100%",+$5.00 shipping,Not Available,from Japan,Not Available
Yu zai Dae Chang Jin Spicy Sticks 172g Spicy Gluten Snack ÂÆá‰ªîÂ§ßÈïø‰ªäËæ£Êù°È∫ªËæ£Â§ßÈïøÁ≠ãÈù¢Á≠ãÈõ∂È£ü,$13.15 to $38.53,heyuanyan (363) 98.8%,+$16.99 shipping,Not Available,from China,6% off
4x CHIP CHALLENGE .... WORLDS HOTTEST CHILLI CHIP üî•üî•üî•,$15.74,"redhotreaper (1,028) 96.8%",+$17.03 shipping,Not Available,from United Kingdom,Not Available
Drizzilicious Mini Rice Cake Bites & Popcorn Variety Mix | 102-113g Per Bag | Pa,$41.95,"broadwaycandyco (12,425) 99.4%",+$53.94 shipping estimate,Not Available,from United Kingdom,Not Available
Glico Pretz Roast Salt and Butter flavor stick 57g pocky from Japan,$3.00,"danke2233 (2,244) 100%",+$5.00 shipping,Not Available,from Japan,Not Available
6 x TAOTONG Shredded Seasoned Cuttlefish Seafood Snack Delicious Pantry 11.5g,$15.01,"megaquality9 (73,250) 93.5%",+$2.61 shipping,Not Available,from Thailand,Not Available
30 Piece Asian Snack Ramen and Drinks Snack Box Japanese Korean Thailand Taiwan,$9.99 to $25.20,"premierproductsworld (1,509) 99.4%",+$27.28 shipping,Not Available,from United States,Not Available
94 Luna Bars Lemonzest Chocolate Peppermint Stick Variety Lot Bulk Assorted Mix,$25.00,"vinnie1218 (2,200) 100%",+$39.87 shipping,Not Available,from United States,Not Available
Honey Karinto fried dough cookies 22g x 5 packs Tokyo Karinto from Japan,$7.00,"danke2233 (2,244) 100%",+$5.00 shipping,Not Available,from Japan,Not Available
4x30g Crispy Chicken Fried Skin Pepper Spicy Snack Papaya Salad Beer Ramen Halal,$18.75,"megaquality9 (73,250) 93.5%",+$3.21 shipping,17 watchers,from Thailand,Not Available
CHEETOS CHIPS - 145-165G - BIG CHOICE - CORN CRUNCHY CRISPS SNACKS FREE SHIPPING,$12.55 to $33.23,"zzgredzik (1,774) 96.4%",Free International Shipping,Not Available,from Poland,Not Available
Vanguard Bombay Mix,$6.54 to $22.28,"familyoutlet2015 (1,736) 99.1%",+$52.99 shipping estimate,Not Available,from United Kingdom,Not Available
"Wholeberry Dried Passion Fruit Snacks,Hand-Selected 100% nature,No Preservatives",$15.99 to $46.99,"fenya-4 (1,308) 99.2%",+$27.52 shipping,Not Available,from United States,Not Available
PAPRIKA POTATO SNACK THAIFOOD 65 GRAMS,$12.50,beer88-thailand (219) 100%,Free International Shipping,Not Available,from Thailand,Not Available
"Crispy fried chicken skin snack , original flavor, 30 grams K",$11.80 to $65.57,mooninja555 (260) 98.3%,+$3.93 shipping,Not Available,from Thailand,Not Available
20g*20 Packs  Spicy Garlic Spicy Bar Snacks Konjac Vegetarian Shrimp FOOD,$24.99,huanglimin2 (349) 98.7%,Free International Shipping,Not Available,from China,Not Available
Haldirams All Savoury Collection Snack Namkeen Crispy Crunchy 200g (Pack of 10),$32.72 to $39.27,"thefoodsupply (2,220) 99.4%",+$62.96 shipping estimate,Not Available,from United Kingdom,Not Available
Lay‚Äôs Oregano Potato Chips 160g *IF YOU BUY 3 YOU WILL RECEIVE 6 * *NEW LIMITED,$10.00,"dessi-eshop (9,518) 99.7%",+$10.00 shipping,Not Available,from Greece,Not Available
Walkers Crisps French Fries Multipack Snacks choose your Various Packs,$7.85 to $43.26,"fitzoll (2,046) 98.7%",+$49.07 shipping estimate,Not Available,from United Kingdom,Not Available
Rich Rice cracker white Zarame sugar Senbei 105g Kameda from Japan,$7.00,"danke2233 (2,244) 100%",+$5.00 shipping,Not Available,from Japan,Not Available
Japanese Mini Crab With Fish Egg Snack Okabe Tamago Kani 40g (1.4oz),$13.95,"jenni926 (2,447) 99.5%",+$26.55 shipping,Not Available,from United States,Not Available
Pringles Hot and Spicy Flavored Potato Chips BURSTING WITH FLAVOUR Snack 110g.,$9.05,"megaquality9 (73,250) 93.5%",+$2.82 shipping,6+ watchers,from Thailand,Not Available
55g/bag Small Crab Snacks Ready-to-eat Crispy Sweet and Spicy Sea Crabs,$7.64 to $29.41,usa.outlets (258) 94.9%,+$1.46 shipping,Not Available,from China,40% off
500g Jinzai Quail Egg Snacks Mixed Flavor Chinese Snack Âä≤‰ªîÂ∞èËõãÂúÜÂúÜÁàÜÊ±ÅÈπåÈπëËõã,$26.99,chendaq47 (649) 97.5%,Free International Shipping,Not Available,from China,Not Available
New ListingPolinky Spicy cod roe flavor Corn snack 55g Koikeya from Japan,$5.00,"danke2233 (2,244) 100%",+$5.00 shipping,Not Available,from Japan,Not Available
Pipers Crisps Mixed Case | Mixed between 9 Flavours | Case 24x40g,$34.08,"massdav (12,723) 99.3%",+$49.03 shipping estimate,Not Available,from United Kingdom,Not Available
"Cheetos Crunchy Flamin' Hot Cheese Flavoured Snack Chips 251ml, Pack of 1",$16.59,"cluburban (91,293) 99.5%",Free International Shipping,Not Available,from United States,Not Available
100g Banana Chips Snack Natural Dried Fruits No Color Added Sud Thang Gluy,$17.00 to $110.00,genuine-asian-item-shop (911) 100%,Free International Shipping,Not Available,from Thailand,Not Available
Meiji Carl Cheese flavor corn snack 64g from Japan japanese snack,$7.00,"danke2233 (2,244) 100%",+$5.00 shipping,Not Available,from Japan,Not Available
Air Dry Hand Torn Beef Jerky Office Recreation Snacks Beef Jerky È£éÂπ≤ÊâãÊíïÁâõËÇâÂπ≤ 250g,$26.99,chendaq47 (649) 97.5%,Free International Shipping,Not Available,from China,Not Available
MILK FLAVOUR CORN SNACK THAIFOOD (SNACK TOWN  BRAND) 72g.,$12.00,beer88-thailand (219) 100%,Free International Shipping,Not Available,from Thailand,Not Available
Drizzilicious Mini Rice Cake Bites Variety Mix | 113g Bags | Pack of 7,$55.06,"broadwaycandyco (12,425) 99.4%",+$54.39 shipping estimate,Not Available,from United Kingdom,Not Available
"Trader Joe's PASSION FRUIT ROUNDS Fruit Snacks- Choose 1, 2, 4, 6 or 8 Bags!",$11.95 to $44.95,"tjs_to_your_door (2,223) 100%",+$27.90 shipping,2+ watchers,from United States,Not Available
"Palace moon cake gift box, traditional Chinese pastry, Mid-Autumn Festival gift",$26.11 to $44.91,sunbabyshop (483) 98.1%,+$3.99 shipping,Not Available,from China,6% off
Potato Chips Lays Lobster Flavors  -  120g (4.23 oz),$13.00,andcher55 (5) 100%,+$3.60 shipping,5 watchers,from Ukraine,Not Available
3 x PRINGLES HARVEST BLENDS HOMESTYLE RANCH CHIPS  - USA IMPORT - UK STOCK,$18.35,devinesupplies (380) 100%,+$6.56 shipping,8 watchers,from United Kingdom,Not Available
El Almendro Turron Selection 2x200g,$26.21,tamrah1 (528) 96.5%,+$62.73 shipping estimate,5 watchers,from United Kingdom,Not Available
112 Nature Valley Granola Bars Brownie Skippy Smores Fiber One Creamy Wafer Mix,$18.50,"vinnie1218 (2,200) 100%",+$99.77 shipping,Not Available,from United States,Not Available
"22 PACKS! FruitBlox Ninja Kidz Tropical Fruit Snacks, FREE EXPEDITED SHIPPING!",$19.99,parkers_inc (822) 97.9%,+$27.17 shipping,Not Available,from United States,Not Available
Free Ramen + Variety Asian Snack BoxÔΩúJapanese Korean Thailand Taiwanese Chinese,$12.99 to $45.90,"premierproductsworld (1,509) 99.4%",+$27.49 shipping,Not Available,from United States,Not Available
5 Pieces Chocolate Mooncakes Chinese Specialty 250g Â∑ßÂÖãÂäõÊµÅÂøÉÊúàÈ•º,$18.99,chendaq47 (649) 97.5%,Free International Shipping,Not Available,from China,Not Available
Calbee Jagabee Butter and Soy sauce taste potato snack 80g from Japan,$5.50,"danke2233 (2,244) 100%",+$5.00 shipping,Not Available,from Japan,Not Available
"Tosi Crunchy Snack Bars (Almond Blueberry, Cashew Coconut, Peanut Choco) 12 Bars",$24.97,"swapdealsus (2,911) 98.1%",+$27.31 shipping,Not Available,from United States,Not Available
Ëæ£Extra Spicy Devil Pepper Spicy Stick Hotstrips Latiao Chinese Snack Spicy Foods,$19.95 to $46.99,huanglimin2 (349) 98.7%,Free International Shipping,Not Available,from China,Not Available
Don-Don-Yaki Soy sauce Rice cracker Senbei 12g x 10 set  from Japan Snack Foods,$10.86,sakura_japanfoods_emporium (132) 100%,+$6.50 shipping,Not Available,from Japan,20% off
"CHOI's 1(Daechun) Korean Kimchi Seaweed Snacks - (36 Pack) - Keto, Gluten Free",$19.66,"wanahong_oriental_store (26,010) 99.5%",+$57.82 shipping estimate,Not Available,from United Kingdom,Not Available
LOVE CORN: 10 Variety Pack Box.,$10.16,lisalaffs (568) 97.6%,+$67.51 shipping estimate,Not Available,from United Kingdom,Not Available
"22 PACKS! FruitBlox Aphmau Mixed Fruit Snacks, FREE EXPEDITED SHIPPING!",$19.99,parkers_inc (822) 97.9%,+$27.17 shipping,Not Available,from United States,Not Available
Ruffles  KFC Potato Chips *IF YOU BUY 2 YOU WILL RECEIVE 4 * *NEW LIMITED,$10.00,"dessi-eshop (9,518) 99.7%",+$9.00 shipping,Not Available,from Greece,Not Available
Calbee Jagabee Mild salt taste potato snack 75g from Japan  Japanese Foods,$6.78,traditionalbeautyofjapan25 (353) 99.6%,+$8.00 shipping,Not Available,from Japan,Not Available
2x Bamba strawberry flavored snacks,$10.00,konikov2010 (320) 100%,Free International Shipping,Not Available,from Israel,Not Available
Hula Hoops Variety Box Mix 48 Packs Potato Crisps Original Cheese & Onion Beef,$35.39,"r_b_emporium (2,182) 98.7%",+$58.36 shipping estimate,Not Available,from United Kingdom,Not Available
Chinese spicy snack Sweet and Sour Crispy Peach honey peach 30g*10bag,$22.69,zhongli_85 (435) 100%,+$16.99 shipping,10+ watchers,from China,Not Available
"POM BEAR Original Flavour Potato Snacks 36,30,24,18,12,6 x 13g Bag",$10.48 to $39.33,"fitzoll (2,046) 98.7%",+$58.49 shipping estimate,Not Available,from United Kingdom,Not Available
Niigata Salty Rice cracker Senbei 30pcs Sanko from Japan,$6.50,"danke2233 (2,244) 100%",+$5.00 shipping,Not Available,from Japan,Not Available
Echigo Soy sauce Rice cracker Senbei 200g Sanko from Japan,$7.50,"danke2233 (2,244) 100%",+$5.00 shipping,Not Available,from Japan,Not Available
Supplika Healthy Snacks Care Package Snack Box Grab And Go Variety Pack (30 pcs),$32.99,globalshoppingbazaar (39) 100%,+$72.84 shipping,Not Available,from United States,Not Available
2x30g Crispy Chicken Fried Skin Pepper Spicy Snack Papaya Salad Beer Ramen Halal,$10.60,"megaquality9 (73,250) 93.5%",+$3.13 shipping,Not Available,from Thailand,Not Available
Glico Komekko Rice sanck Wasabi with toasted laver flavor 39g from Japan,$4.00,"danke2233 (2,244) 100%",+$5.00 shipping,Not Available,from Japan,Not Available
KVE Butchers Pork Scratchings 100g,$32.78,richard-1173 (765) 100%,+$65.15 shipping estimate,Not Available,from United Kingdom,Not Available
"Super Spicy Chicken Samyang Korean Ramen, 700g, 5 Packs",$36.71 to $37.12,"fr.shoppingmall (1,985) 97.2%",Free International Shipping,Not Available,from China,Not Available
Japanese Food Snack ‚ÄúWASABI NORI TARO‚Äù Wasabi Flavor Dagashi 10 or 30 or 50 pcs,$9.85 to $58.85,studio_tokyo (441) 96.3%,Free International Shipping,Not Available,from Japan,Not Available
Ebi Mangetsu Shrimp taste Rice cracker Senbei 75g from Japan Mikawaya,$6.50,"danke2233 (2,244) 100%",+$5.00 shipping,Not Available,from Japan,Not Available
Dried Fruit Papaya Cubes Diced Chunks Snack Mix Dehydrated Food & 1kg 5kg BULK,$17.03 to $163.92,"willesdens (17,026) 99.8%",+$85.85 shipping estimate,Not Available,from United Kingdom,Not Available
Glico Pretz Smoked Cheese taste 24g japanese snack from Japan,$3.00,"danke2233 (2,244) 100%",+$5.00 shipping,Not Available,from Japan,Not Available
CALBEE Potato Chips Crispy & Savoury Japanese Snacks (Different Flavors/Bundles),$9.44,"starrymartuk (9,878) 99.8%",+$48.18 shipping estimate,Not Available,from United Kingdom,Not Available
Mott‚Äôs Fruit Snacks manufacturing Error package,$100.00,victseg-83 (8) 100%,+$29.08 shipping,Not Available,from United States,Not Available
30g*6bags ÁÇ∏È∏°ÁöÆ Crispy Crunchy Chicken Skin Deep Fry Instant Party Delicious Snack,$18.65,chendaq47 (649) 97.5%,Free International Shipping,Not Available,from China,Not Available
Cheetos Flamin Hot Crunchy American Crisps Snacks 226.3 G (8oz)  X 3 Large Packs,$22.28,"cosmic_sell (11,773) 98.8%",+$48.62 shipping estimate,Not Available,from United Kingdom,Not Available
Banana Chips 1kg Sweet Dried Fruit crunchy Healthy Snacks UK,$14.41,"willesdens (17,026) 99.8%",+$80.70 shipping estimate,Not Available,from United Kingdom,Not Available
"Japanese snack Wasabeef wasabi and beef flavor potato chips,50g,2 bags",$6.80,"maymin.japan.kyoto (2,969) 99.7%",+$3.50 shipping,4 watchers,from Japan,Not Available
"Takis Dragon Sweet Chilli , Blue Heat , Fuego Mixed Collection Choose Your Bags",$14.41 to $56.37,"v-star25 (9,001) 95.6%",+$49.70 shipping estimate,Not Available,from United Kingdom,Not Available
50x Hungarian Classic Nogradi Salty Sticks - N√≥gr√°di Ropi 45g / 1.6oz,$104.99,european_products (913) 100%,+$14.99 shipping,7 watchers,from Hungary,Not Available
JJ's Bakery Pie Ultimate Variety Bundle of Snack Pies Kosher Parve (Pack of 12),$26.83,"shoptheking (17,528) 98.8%",+$97.25 shipping,21 watchers,from United States,Not Available
Miyako Kombu Traditional Vinegar sour kelp 15g Nakano Japan,$2.50,"danke2233 (2,244) 100%",+$5.00 shipping,Not Available,from Japan,Not Available
Korea üá∞üá∑ - Pringles Seriously Rich Cheesy Garlic,$5.16,inoutsnackz (4) 100%,+$22.10 shipping,Not Available,from Canada,Not Available
Sesame Snaps Coconut 30g - Pack of 24,$15.07,"healthplusliving (154,507) 99.6%",+$45.90 shipping,Not Available,from United Kingdom,Not Available
Krunchy Crispy Sweet Corn Kernel Cheese Flavour Snack Party High Fiber 15g.,$9.99,"megaquality_es2 (1,519) 89.1%",+$0.59 shipping,Not Available,from Thailand,Not Available
Calbee Kappa Ebisen shrimp snack 85g from Japan japanese snack,$4.90,sakura_japanfoods_emporium (132) 100%,+$6.50 shipping,Not Available,from Japan,20% off
Spicy Prince spicy snacks nostalgic gluten whole box of spicy flavor È∫ªËæ£ÁéãÂ≠êËæ£Êù°550g,$29.99,chendaq47 (649) 97.5%,Free International Shipping,Not Available,from China,Not Available
Chana with shell- Roasted Chickpeas shelled,$5.23 to $15.72,pakwatan_dryfruits (43) 94.4%,+$19.66 shipping,Not Available,from United Kingdom,Not Available
12x6g Taro Fish Snack Bar-B-Q FLAVORED Diettary Food Snack Delicious Thai Healty,$10.64,"megaquality9 (73,250) 93.5%",+$2.61 shipping,6 watchers,from Thailand,Not Available
Fine Salt Plums 500g Kaitai Bulk Mixed Sweet and Sour Dried Fruits Candy,$23.99 to $24.88,chendaq47 (649) 97.5%,Free International Shipping,Not Available,from China,Not Available
Bamba Osem  peanut snack Kosher Gluten Free  10 Packs Of 25 Gram,$20.00,lypcollection (299) 100%,+$10.00 shipping,Not Available,from Israel,Not Available
3pcs Durian Monthong Premium 100% Thai Fruit Freeze Dried Process for Health 10g,$17.94,lakjamno_0 (17) 100%,Free International Shipping,5 watchers,from Thailand,Not Available
"Latiao Chinese Snack Gift A Variety Of Spicy, Spicy Bands 360g",$19.49 to $55.14,"fr.shoppingmall (1,985) 97.2%",Free International Shipping,Not Available,from China,Not Available
"12 X Cheetos Crunchy Flamin Hot Lime 26 Gram,  ÿ¥Ÿäÿ®ÿ≥ ÿ¥Ÿäÿ™Ÿàÿ≥ ÿ≠ÿßÿ± ŸÜÿßÿ± ÿ®ÿßŸÑŸÑŸäŸÖŸàŸÜ",$25.90,juliastore20 (238) 93.5%,Free International Shipping,Not Available,from Jordan,Not Available
2x Crispy Pork Rinds Rind Fried Thai Food Snack low-calorie S.Khonkaen 7g,$8.59,"megaquality9 (73,250) 93.5%",+$3.13 shipping,Not Available,from Thailand,Not Available
Pretzel Pieces | Jalapeno Flavour | Pub Card 12x50g,$18.35,"massdav (12,723) 99.3%",+$57.76 shipping estimate,Not Available,from United Kingdom,Not Available
"Honey Amla Candy Best For Eyes, Hairs, Low-Calorie Dry Fruit Snack, 100% Natural",$92.00,jjcrunchnmunch (1) 100%,Free International Shipping,Not Available,from India,Not Available
"Roasted and salted seeds Trail mix 500g, Diet Snacks,Immunity Booster, Pack of 3",$73.00,jjcrunchnmunch (1) 100%,Free International Shipping,Not Available,from India,Not Available
Shop on eBay,$20.00,Not Available,Not Available,Not Available,Not Available,Not Available
Shop on eBay,$20.00,Not Available,Not Available,Not Available,Not Available,Not Available
"Roasted and salted seeds Trail mix 500g, Diet Snacks,Immunity Booster, Pack of 3",$73.00,jjcrunchnmunch (1) 100%,Free International Shipping,Not Available,from India,Not Available
Smiths Scampi & Bacon Fries Mixed Snacks (48 Pack) Pub Card Bundle,$36.70,"sterlingsportsltd (55,179) 98.4%",+$52.45 shipping,Not Available,from United Kingdom,Not Available
"3 Combo Afghan Black Raisins, Pine nut & Iranian Mamra Almond Natural Pack Of 3",$101.00,jjcrunchnmunch (1) 100%,Free International Shipping,Not Available,from India,Not Available
Mrs. Redd's Pies ~„Ää‚òÜALWAYS FRESH‚òÜ„Äã„Ää‚òÜUnlimited‚òÜ„Äã„Ää‚òÜSold Separately‚òÜ„Äã„Ää‚òÜ8 Flavors ‚òÜ„Äã,$3.45,robustus_holdings (49) 98%,+$16.90 shipping,Not Available,from United States,Not Available
Pringles Hot And Spicy Grilled Squid THAI Flavored Potato Chips Snack 107g,$22.41,"megaquality_es2 (1,519) 89.1%",+$0.89 shipping,Not Available,from Thailand,Not Available
2x Doritos ‚ÄúSpicy&Sour‚Äù corn snacks 55gr.,$10.00,konikov2010 (320) 100%,Free International Shipping,Not Available,from Israel,Not Available
Supplika Healthy Snacks Care Package Snack Box Grab And Go Variety Pack (30 pcs),$32.99,globalshoppingbazaar (39) 100%,+$72.84 shipping,Not Available,from United States,Not Available
"22 PACKS! FruitBlox Aphmau Mixed Fruit Snacks, FREE EXPEDITED SHIPPING!",$19.99,parkers_inc (822) 97.9%,+$27.17 shipping,Not Available,from United States,Not Available
CARADA RICE BALL CUTTLEFISH FLAVOURED SNACK THAIFOOD,$11.00,beer88-thailand (219) 100%,Free International Shipping,Not Available,from Thailand,Not Available
Snyders Pretzel Pieces Jalapeno 141g (5oz),$11.79 to $46.54,"broadwaycandyco (12,425) 99.4%",+$54.09 shipping estimate,Not Available,from United Kingdom,Not Available
12 Pack X Cheetos Crunchy Flamin Hot Corn Chips (25 Gram) Halal ÿ≠ŸÑÿßŸÑ ÿ¥Ÿäÿ®ÿ≥ ÿ¥Ÿäÿ™Ÿàÿ≥,$24.99,juliastore20 (238) 93.5%,Free International Shipping,14 watchers,from Jordan,Not Available
Walkers Crisps French Fries Multipack Snacks choose your Various Packs,$7.85 to $43.26,"fitzoll (2,046) 98.7%",+$49.07 shipping estimate,Not Available,from United Kingdom,Not Available
Snack Peanut Spicy Fried Crisps Snacks BITES  - GLUTEN Free VEGETARIAN,$7.99 to $59.99,fly_buy_mart_ceylon_store (12) 100%,Free International Shipping,Not Available,from Sri Lanka,Not Available
"Cheese Flavored Masala Cashew Nuts, Crunchy Kaju Snack Pack of 1 (250Gram)",$64.00,jjcrunchnmunch (1) 100%,Free International Shipping,Not Available,from India,Not Available
Potato Chips with Oregano 45 g from Greece,$3.00,productsfromcyprus (7) 100%,+$7.00 shipping,Not Available,from Cyprus,Not Available
Candied Ginger with Sugar 25g - 1.95kg | Sweet and Spicy Snack,$13.53 to $74.83,"agora_greek_deli (7,056) 99.3%",+$7.68 shipping,Not Available,from Greece,Not Available
Premium Cocoa Husk Mulch - 100% Natural Organic Garden & Landscaping Ground Cove,$7.59 to $54.49,r_a_s_h_7316 (0) 0%,Free International Shipping,Not Available,from Sri Lanka,Not Available
"12 X Cheetos Crunchy Flamin Hot Lime 26 Gram,  ÿ¥Ÿäÿ®ÿ≥ ÿ¥Ÿäÿ™Ÿàÿ≥ ÿ≠ÿßÿ± ŸÜÿßÿ± ÿ®ÿßŸÑŸÑŸäŸÖŸàŸÜ",$25.90,juliastore20 (238) 93.5%,Free International Shipping,Not Available,from Jordan,Not Available
30g Crispy Chicken Fried Skin Pepper Spicy Snack Papaya Salad Beer Ramen Halal,$12.76,"megaquality_es2 (1,519) 89.1%",+$0.59 shipping,13 watchers,from Thailand,Not Available
Hula Hoops Variety Box Mix 48 Packs Potato Crisps Original Cheese & Onion Beef,$35.39,"r_b_emporium (2,182) 98.7%",+$58.36 shipping estimate,Not Available,from United Kingdom,Not Available
Cheetos Flamin Hot Crunchy American Crisps Snacks 226.3 G (8oz)  X 3 Large Packs,$22.28,"cosmic_sell (11,773) 98.8%",+$48.62 shipping estimate,Not Available,from United Kingdom,Not Available
"Dry Bread ""Flint"" Crab flavor 110g",$4.00,karpolik-0 (44) 100%,+$10.00 shipping,Not Available,from Ukraine,Not Available
Pipers Crisps Mixed Case | Mixed between 9 Flavours | Case 24x40g,$34.08,"massdav (12,723) 99.3%",+$49.03 shipping estimate,Not Available,from United Kingdom,Not Available
Sichuan specialty Dengying beef shredded spicy five spice beef jerky snacks 500g,$33.65,chendaq47 (649) 97.5%,Free International Shipping,Not Available,from China,Not Available
MONSTER MUNCH CRISPS ¬£1.25 BAGS FULL BOX OF  15 PICKLED ONION Flavour x 72G Bags,$24.25,"greatnews2007 (122,243) 99.8%",+$48.69 shipping estimate,Not Available,from United Kingdom,Not Available
2x Crispy Pork Rinds Rind Fried Thai Food Snack low-calorie S.Khonkaen 7g,$8.59,"megaquality9 (73,250) 93.5%",+$3.13 shipping,Not Available,from Thailand,Not Available
Olu Olu Green Plantain Chips 60g,$7.34 to $33.44,"beautysun-uk (1,979) 98.7%",+$53.65 shipping estimate,Not Available,from United Kingdom,Not Available
Calbee Jagarico Salad taste snack 60g from Japan japanese snack jagariko,$3.50,"danke2233 (2,244) 100%",+$5.00 shipping,Not Available,from Japan,Not Available
"Natural, Dry Nuts, Healthy Food, Rich in Oil, More Nutritious, 250gm x 3 (750gm)",$93.00,jjcrunchnmunch (1) 100%,Free International Shipping,Not Available,from India,Not Available
Wei Long Konjac Strips - Sour & Hot Flavour Latiao Snacks (20 Individual Packs),$21.30,im.factory (43) 96.2%,+$3.01 shipping,2 watchers,from China,Not Available
"Honey Amla Candy Best For Eyes, Hairs, Low-Calorie Dry Fruit Snack, 100% Natural",$90.00,jjcrunchnmunch (1) 100%,Free International Shipping,Not Available,from India,5% off
"Cheese Flavored Masala Cashew Nuts, Crunchy Kaju Snack Pack of 1 (250Gram)",$62.00,jjcrunchnmunch (1) 100%,Free International Shipping,Not Available,from India,7% off
"CHOI's 1(Daechun) Korean Kimchi Seaweed Snacks - (36 Pack) - Keto, Gluten Free",$19.66,"wanahong_oriental_store (26,010) 99.5%",+$57.82 shipping estimate,Not Available,from United Kingdom,Not Available
Calbee Kappa Ebisen shrimp snack 85g from Japan japanese snack,$4.90,sakura_japanfoods_emporium (132) 100%,+$6.50 shipping,Not Available,from Japan,20% off
Kaki no tane Rice cracker Wasabi flavor without peanut 91g Kameda from Japan,$4.00,"danke2233 (2,244) 100%",+$5.00 shipping,Not Available,from Japan,Not Available
Mini Cheddars Mixed Box 50g (30 Packs Mixed Between 5 Flavours),$26.21,"massdav (12,723) 99.3%",+$62.73 shipping estimate,Not Available,from United Kingdom,Not Available
"Nobel, Pachi Ball Ramune, Sparkling Hard Candy, 30g",$4.40,"market_tokyo (13,289) 98.9%",+$11.00 shipping,Not Available,from Japan,Not Available
5 Mix TAO KAE NOI Crispy Fried Japanese Seasoned Seaweed Snack Big Sheet,$12.76,"megaquality_es2 (1,519) 89.1%",+$0.59 shipping,5 watchers,from Thailand,Not Available
"Natural Afghan Black Dried Raisin Seedless, Black seeded Raisin 250gm x 3(750gm)",$81.00,jjcrunchnmunch (1) 100%,Free International Shipping,Not Available,from India,Not Available
"Ozzon, konjac + Jjondigi 25g x 24 pieces 1 box, nutritional snacks, diet,Í≥§ÏïΩ,Ï´ÄÎîîÍ∏∞",$59.99,potegar (107) 100%,Free International Shipping,Not Available,from United States,Not Available
Tiny Toon Adventures Fruit Snack Box With Two SEALED Fruit Packs RARE,$49.00,"90sxmen (1,269) 100%",+$100.94 shipping,Not Available,from United States,Not Available
Chinese Latiao Snack Gift A Variety of Spicy Strips Spicy Big Gluten Snacks 218g,$14.99,ushuangzhemaoyi (759) 100%,+$4.99 shipping,Not Available,from China,Not Available
Knox Original Gelatin Unflavored,$8.85,"jadashats-us (78,998) 99.2%",+$12.99 shipping,Not Available,from United States,Not Available
"Crispy fried chicken skin snack , MALA Flavor, 30 grams",$14.00 to $65.00,genuine-asian-item-shop (911) 100%,Free International Shipping,Not Available,from Thailand,Not Available
1x100g Original/Tom Yum Thai Crispy Chili Snack Fried Spicy Savory Food Tasty,$17.99,manochtom (949) 96.9%,Free International Shipping,Not Available,from Thailand,Not Available
TAO-TONG ROLLER SEASONED CUTTLEFISH Delicious Snacks with Real Cuttlefish 6.5g,$9.87,"megaquality_es2 (1,519) 89.1%",+$0.59 shipping,Not Available,from Thailand,Not Available
"Morinaga Caramel, 12 pc in 1 box, Japan, Candy",$3.80,"market_tokyo (13,289) 98.9%",+$11.00 shipping,Not Available,from Japan,Not Available
Sharp Note Instant Lobster Tails Garlic Shrimp Ready to Eat,$7.34 to $38.60,de.factoryshop (724) 95.1%,Free International Shipping,Not Available,from China,Not Available
Banana Chips 1kg Sweet Dried Fruit crunchy Healthy Snacks UK,$14.41,"willesdens (17,026) 99.8%",+$80.70 shipping estimate,Not Available,from United Kingdom,Not Available
NEW 4-PACK The SnakYard Organic Sweet Potato Sticks 17 Oz (6 count) each pack,$73.50,iheartuknow (437) 100%,+$51.89 shipping,2 watchers,from United States,Not Available
Premium Quality Banana Chips Dried A Grade pakwatandriedfruits UK,$6.54 to $14.42,pakwatan_dryfruits (43) 94.4%,+$19.66 shipping,Not Available,from United Kingdom,Not Available
Cantonese Chicken Cake 280g Guangdong Specialty Pastry Heart Cookies Snacks,$21.49,fangyo43 (262) 100%,Free International Shipping,Not Available,from China,Not Available
BAMBA OSEM snack 25 gram peanuts snack - Kosher ◊ë◊û◊ë◊î Crispy .,$8.99,marketamarket (3) 0%,Free International Shipping,Not Available,from Israel,Not Available
Sesame Snaps Original 30g - Pack of 24,$15.59,"healthplusliving (154,507) 99.6%",+$45.90 shipping,Not Available,from United Kingdom,Not Available
Dandies Maple Flavored Vegan Marshmallows - vegetarian gift,$8.99,"thevegetariansite (1,189) 100%",+$26.84 shipping,Not Available,from United States,Not Available
New Cheez-It Double Cheese Thin & Crispy Baked Snacks 65g √ó 16 Bags,$26.21,"greatnews2007 (122,243) 99.8%",+$51.37 shipping estimate,2 watchers,from United Kingdom,Not Available
CALBEE Potato Chips Crispy & Savoury Japanese Snacks (Different Flavors/Bundles),$9.44,"starrymartuk (9,878) 99.8%",+$48.18 shipping estimate,Not Available,from United Kingdom,Not Available
New ListingBlack sesame Rice cracker Chips Senbei 60g Kameda from Japan,$6.00,"danke2233 (2,244) 100%",+$5.00 shipping,Not Available,from Japan,Not Available
180g Fried Chili Snack Roasted Chinese Chilies Roasted Sesame Flavor K,$14.42 to $131.14,mooninja555 (260) 98.3%,+$3.93 shipping,Not Available,from Thailand,Not Available
Bear Multi-Pack Yo Yo's Strawberry Pure Fruit Rolls Snacks 20g,$7.72,"gudz_uk (22,937) 98.2%",+$2.29 shipping,Not Available,from United Kingdom,Not Available
Drizzilicious Mini Rice Cake Bites Variety Mix | 113g Bags | Pack of 7,$55.06,"broadwaycandyco (12,425) 99.4%",+$54.39 shipping estimate,Not Available,from United Kingdom,Not Available
Joe & Sephs Gourmet Mixed Variety Bulk Box of Popcorn Snacks 55 Bags Past DATED,$19.66,"zenoxhealth (101,911) 98.6%",+$57.82 shipping estimate,Not Available,from United Kingdom,Not Available
"""MEGA Chips"" on A Very Delecious tastes ( best price for you )",$4.00,na_460386 (1) 100%,Free International Shipping,Not Available,from Jordan,Not Available
Ceylon Cassava spicy crispy crunchy chips tea time snacks free shipping 50g,$10.00,sujhathur_0 (11) 100%,Free International Shipping,Not Available,from Sri Lanka,Not Available
"Crispy, Sweet & Spicy Sea Crab Snacks 55g/Bag",$7.51 to $28.87,"fr.shoppingmall (1,985) 97.2%",Free International Shipping,Not Available,from China,Not Available
Small Crab Snacks 55g/Bag Ready to Eat Crispy Sweet,$7.32 to $28.67,"fr.shoppingmall (1,985) 97.2%",Free International Shipping,Not Available,from China,Not Available
"Haldiram Mini Bhakarwadi 200 Grams Indian Tasty & Delicious,Perfect Party Snacks",$12.99,seimpex11 (44) 92.2%,Free International Shipping,Not Available,from India,Not Available
2 PACK KUNIN Rigato Mix Premium Asian Rice Cracker Mix Made w/Thai Rice 12oz  Ea,$42.42,bargainsbyboogie (324) 100%,+$34.71 shipping,4 watchers,from United States,Not Available
USA üá∫üá∏ - Pringles Hot Honey,$4.26,inoutsnackz (4) 100%,+$58.92 shipping,Not Available,from Canada,Not Available
2x Bamba nugget flavored snacks,$10.00,konikov2010 (320) 100%,Free International Shipping,10 watchers,from Israel,Not Available
Calbee Jagarico Butter taste snack 58g from Japan japanese snack jagariko,$3.00,"danke2233 (2,244) 100%",+$5.00 shipping,Not Available,from Japan,Not Available
"Greek Snack Box Chips Lays Cheetos Foudounia , 370 g (13 oz), Worldwide Shipping",$39.99,2015gryuri (252) 95.1%,+$4.99 shipping,Not Available,from Greece,Not Available
Wei Long Konjac Strips - Hot & Spicy Flavor Latiao Savoury Snack (18g x 20) 360g,$13.10,"starrymartuk (9,878) 99.8%",+$57.58 shipping estimate,Not Available,from United Kingdom,Not Available
RUFFLES GREEK OREGANO CHIPS *IF YOU BUY 8 YOU WILL RECEIVE 18* LONG EXPIRY,$9.00,avramgr2014 (641) 99.1%,Free International Shipping,Not Available,from Greece,Not Available
20 Pack X Kitco Bites Chips Corn Puffs Cheese Flavor Baked not Fried ( 16 Gram),$24.90,juliastore20 (238) 93.5%,Free International Shipping,1 watchers,from Jordan,Not Available
JJ's Bakery Pie Ultimate Variety Bundle of Snack Pies Kosher Parve (Pack of 12),$26.83,"shoptheking (17,528) 98.8%",+$97.25 shipping,21 watchers,from United States,Not Available
"8x Tic Tac Mint Extra Strong, 16 Grams, From Israel, Kosher Certified",$43.49,snackfood.delivery (330) 100%,Free International Shipping,Not Available,from Israel,Not Available
LORENZ Erdnuss Locken classic Peanut Curls CHIPS 175g New from Germany,$9.95,"germandelimarket (13,157) 99.4%",+$9.00 shipping,Not Available,from Germany,Not Available
"Organic Dried Jackfruit Slices ‚Äì Non-GMO Chewy Snack, Unsweetened, Kosher",$11.49 to $91.99,"food-to-live (38,753) 99.4%",+$28.85 shipping,Not Available,from United States,Not Available
1x130g Thai Crispy Pork Snack Chili Onion Garlic Fried Spicy Savory Food Meal,$17.99,manochtom (949) 96.9%,Free International Shipping,Not Available,from Thailand,Not Available
Liangpinpuzi Spicy Squid Snacks 200g Baby Squid Full of Seeds,$11.91,"fr.shoppingmall (1,985) 97.2%",Free International Shipping,Not Available,from China,Not Available
"Pack of Original Hungarian Chocolates and Snacks: T√∫r√≥ Rudi, Boci, Tibi, etc.",$29.99,soul_of_hungary (0) 0%,+$25.00 shipping,Not Available,from Hungary,Not Available
Salted / Dry Roasted Peanuts 50g Mixed Pub Card 24 Packs,$20.97,"massdav (12,723) 99.3%",+$57.86 shipping estimate,Not Available,from United Kingdom,Not Available
Olu Olu Yellow Plantain Chips with Chilli  60g (Pack of 24),$30.15,"bluemountainpeak (35,295) 99.5%",+$62.87 shipping estimate,Not Available,from United Kingdom,Not Available
750g Daily Nut & Three Squirrel Snack,$37.19,"fr.shoppingmall (1,985) 97.2%",Free International Shipping,Not Available,from China,Not Available
Walkers Wotsits Quavers Monster Munch Snack Crisps box Variety Chips Box of 60,$26.21,"pick2basket (4,993) 99.3%",+$48.76 shipping estimate,Not Available,from United Kingdom,Not Available
Mott‚Äôs Fruit Snacks manufacturing Error package,$100.00,victseg-83 (8) 100%,+$29.08 shipping,Not Available,from United States,Not Available
McCoys Crisps Grab Bags Mixed Case | 6 Flavours | 36x45g,$39.33,"massdav (12,723) 99.3%",+$49.20 shipping estimate,Not Available,from United Kingdom,Not Available
Weilong Hot Strip Latiao Spicy Snacks x 5 Bags,$20.99,"aikeli_1979 (1,175) 99.2%",+$6.88 shipping,Not Available,from China,Not Available
Oni-hibi Rice cracker dried seaweed and salt taste Senbei 100g Iwatsuka Japan,$7.00,"danke2233 (2,244) 100%",+$5.00 shipping,Not Available,from Japan,Not Available
Konjac Vegetarian Shrimp 20g*20 Packs Of Spicy Garlic Spicy Bar Snacks#,$18.55,fangyo43 (262) 100%,Free International Shipping,Not Available,from China,Not Available
WL LATIAO MINI (GLUTEN STRIPS)-HOT FLAV 60g/packÂç´ÈæôÂ∞èÈù¢Á≠ã,$4.59,thedriedfoodscompany (36) 100%,+$52.65 shipping estimate,Not Available,from United Kingdom,Not Available
Organic Tamari Roasted Chickpeas - Forest Whole Foods,$9.01 to $26.87,"forestwholefoods (45,228) 99.7%",+$58.07 shipping estimate,Not Available,from United Kingdom,Not Available
Roasted Corn ALL FLAVOURS - SALTED BBQ CHEESE TEX-MEX CHILLI LEMON Toasted Love,$13.11 to $104.91,"willesdens (17,026) 99.8%",+$60.75 shipping estimate,Not Available,from United Kingdom,Not Available
Goodness Me Fruit Sticks / Nuggets - Healthy Snacks for Kids,$9.17 to $18.35,felvilleinv (447) 100%,+$57.76 shipping estimate,Not Available,from United Kingdom,Not Available
"Welch's Mixed Fruit Snacks,Made With Real Fruit,GlutenFree 25g Pouches kids Gift",$14.41 to $51.13,"varuna27 (6,506) 96.7%",+$78.68 shipping,Not Available,from United Kingdom,Not Available
Organic Golden Berries | Superfood Snack | Antioxidant-Rich | Nutrient-Dense,$9.17 to $144.18,"busybeans (3,352) 99.9%",+$85.17 shipping estimate,Not Available,from United Kingdom,Not Available
Lorenz Crunchips PAPRIKA german potato chips 150g New from Germany,$9.95,"germandelimarket (13,157) 99.4%",+$7.00 shipping,Not Available,from Germany,Not Available
Pretzel Pieces | Jalapeno Flavour | Pub Card 12x50g,$18.35,"massdav (12,723) 99.3%",+$57.76 shipping estimate,Not Available,from United Kingdom,Not Available
Azu-Mecha Mystery Snack Seasoning (Sr. Michelado),$14.99,danievillega94 (16) 100%,+$32.81 shipping,Not Available,from United States,Not Available
"2 Pack Holiday's Assorted Snack Pack of 8 Snacks, Jamaican Snack Mix (16 Count)",$16.00,kayla-br_0 (5) 100%,+$6.99 shipping,5 watchers,from Jamaica,Not Available
TASTO Potato Chips Chilli flavor mixed with emperor chili THAIFOOD 68g,$13.50,beer88-thailand (219) 100%,Free International Shipping,Not Available,from Thailand,Not Available
Garlic green beans 500g Nut Mixed Snacks Pistachio Bulk Dried Fruit Macadamia,$19.77,sunbabyshop (483) 98.1%,Free International Shipping,Not Available,from China,6% off
Dried Fruit Dried Mango 1kg Cubes Chunks Diced Snack Mix kg Dehydrated 500g BULK,$18.35 to $163.91,"willesdens (17,026) 99.8%",+$85.85 shipping estimate,Not Available,from United Kingdom,Not Available
"SnackFish, Dried Cod Fish Snack, Fish Jerky, T√∏rrfisk, Turrur Fiskur, Hardfiskur",$43.27,"daicequeen (1,171) 100%",+$63.33 shipping estimate,Not Available,from United Kingdom,Not Available
Lays Beshparmak 125 gr. Kazakh traditional food taste,$25.00,oszham_0 (590) 99%,Free International Shipping,8 watchers,from Kazakhstan,Not Available
Kaki no tane Rice cracker japanese plum flavor without Peanut 105g Kameda Japan,$4.00,"danke2233 (2,244) 100%",+$5.00 shipping,Not Available,from Japan,Not Available
Crispy Shredded Pork with Fried Shallot S Khonkaen Thai Snack Flossy Dried Pork,$29.99,sukree33663366 (146) 92.3%,Free International Shipping,3 watchers,from Thailand,Not Available
"Welch's Mixed Fruit Fruit Snack, 0.8 oz, 90 pk.",$29.98,"geico12 (1,062) 100%",+$65.38 shipping,Not Available,from United States,Not Available
"Snack Cakes, Little Debbie Family Pack PUMPKIN DELIGHTS ¬Æ",$9.95,"midwestexclusives (2,574) 99.9%",+$26.43 shipping,Not Available,from United States,Not Available
Roasted Corn Salted BBQ Barbecue Toasted Crunchy Kernels Nuts Love BULK 1KG 2KG,$13.07 to $196.70,"willesdens (17,026) 99.8%",+$63.93 shipping estimate,Not Available,from United Kingdom,Not Available
"Takis Dragon Sweet Chilli , Blue Heat , Fuego Mixed Collection Choose Your Bags",$14.41 to $56.37,"v-star25 (9,001) 95.6%",+$49.70 shipping estimate,Not Available,from United Kingdom,Not Available
Three Squirrel Duckneck Food Snack 54g x 2 Bags,$29.23,"fr.shoppingmall (1,985) 97.2%",Free International Shipping,Not Available,from China,Not Available
Lot of Flat Potato Chips Long Chips different flavor 8 packs of 75 grams,$45.00,latvian_wonders (31) 100%,Free International Shipping,Not Available,from Latvia,Not Available
"Pastry, Cakes, Favorite Snack Variety Pack 16 Count Care Package Gift Box",$38.99,"chatteringparrots (10,420) 98.5%",+$27.73 shipping,Not Available,from United States,Not Available
ARIGATO COTTLEFISH CRACKERS THAIFOOD SNACK,$7.80,beer88-thailand (219) 100%,Free International Shipping,Not Available,from Thailand,Not Available
"Walkers Snacks Box (Pack of 60) 24x Quavers, 24x Baked Wotsits, 12x Mega Monster",$22.04,"wildflower_trading_ltd (33,820) 99.6%",+$62.59 shipping estimate,Not Available,from United Kingdom,Not Available
4 x MR PORKY CRISPY STRIPS PORK PUB SNACKS 35g OTHER QUANTITIES FREEPOST,$22.28 to $41.95,"gredunzamuldoon (16,203) 99.9%",+$61.20 shipping estimate,Not Available,from United Kingdom,Not Available
Gluten Free Snacks  - Chicken Crisps  - 85% Protein -  Keto Diet- 6 Bags,$17.03,protermars (176) 100%,+$53.23 shipping estimate,Not Available,from United Kingdom,Not Available
"Bamboo House Pandan, Peanut, Coconut Mochi Mochi Japanese Way 180g",$3.18,"asia-in_de (12,209) 99.1%",+$16.45 shipping,Not Available,from Germany,Not Available
Twistko Crispy Corn Barbecue Flavor SNACK THAIFOOD,$11.00,beer88-thailand (219) 100%,Free International Shipping,Not Available,from Thailand,Not Available
Vintage 1995 Brach's Batman & Robin Fruit Snacks - FACTORY SEALED / UNOPENED,$24.95,"mantisliquidatr (2,353) 98.7%",+$26.87 shipping,Not Available,from United States,Not Available
Lays Potato Chips Crab Flavors  -  120g (4.23 oz),$3.80,andcher55 (5) 100%,+$14.49 shipping,8 watchers,from Ukraine,Not Available
Enrolment school start cake decoration cake pad cake picture 0622,$8.67 to $21.83,"8ung-marketing (17,088) 99.7%",+$7.90 shipping,Not Available,from Germany,Not Available
Trader Joe's PASSION FRUIT ROUNDS Fruit Snacks Pack Hard to Find 4/25 exp,$20.00,pajarosdelamor (638) 96.8%,+$26.72 shipping,Not Available,from United States,Not Available
"Cheetos Crunchy Xxtra Flamin Hot' Cheese Flavored Chips Puffed Snacks, 8.5 oz",$27.64,"cluburban (91,293) 99.5%",Free International Shipping,Not Available,from United States,Not Available
Kracie Handmade Candy Modeling for Creative Kids DIY Sushi,$16.10 to $19.03,"fr.shoppingmall (1,985) 97.2%",Free International Shipping,Not Available,from China,Not Available
Koikeya Potato Chips Garlic flavor 55g from Japan,$5.50,"danke2233 (2,244) 100%",+$5.00 shipping,Not Available,from Japan,Not Available
Man Cave Snack Gift Box Variety Pack Snack Care Package,$45.99,"chatteringparrots (10,420) 98.5%",+$51.08 shipping,Not Available,from United States,Not Available
Durian Banh Pia Chay Pia Cake Mung Fresh Durian Tart Cookies 270g x 4 Packs,$59.90,oneclick.resources (32) 100%,Free International Shipping,Not Available,from Malaysia,Not Available
NEW! McDonald McShaker Fries Seasoning Shake Shake Fries Powder - Truffle Flavor,$8.00 to $10.00,unrealflorist (8) 100%,+$15.00 shipping,Not Available,from United States,Not Available
Mini Cheddars Grab Bags Cheese & Pickle - Full Case 30x45g,$28.84,"massdav (12,723) 99.3%",+$62.83 shipping estimate,Not Available,from United Kingdom,Not Available
Rock Sugar Arbutus 95g Candied Preserved Fruit Snack Snack Food,$10.49,fangyo43 (262) 100%,Free International Shipping,Not Available,from China,Not Available
Super Mario World Karapaki Chocolate Collecting purposes x3 Mario Luigi Toad,$15.00,"geisha-export (2,118) 100%",+$10.00 shipping,Not Available,from Japan,Not Available
NEW Doritos Pizzerola Pizza Flavored Chip Snacks 7.87 oz,$9.99,"eazyshopping4everyone (29,849) 99.9%",+$19.99 shipping,Not Available,from United States,Not Available
X5 traditional Maltese Twistees cheesy snack - 50g packets -,$17.99,"titulari (2,797) 90.6%",Free International Shipping,Not Available,from Malta,Not Available
4-PACK The SnakYard Organic Sweet Potato Sticks 17 Oz (6 count) each pack,$70.99,"swapdealsus (2,911) 98.1%",+$73.96 shipping,Not Available,from United States,Not Available
Walkers Wotsits Crispy Bacon Multipack Snacks Crisps Various Packs,$11.79 to $43.26,"fitzoll (2,046) 98.7%",+$53.80 shipping estimate,Not Available,from United Kingdom,Not Available
JAMAICAN HOLIDAY BIG FOOT CHEESE  SNACK (PACK OF 12) 25g,$18.88,littleiretings (1) 100%,+$3.00 shipping,Not Available,from Jamaica,Not Available
150g Spicy Enoki Mushroom & Cucumber Refreshing Snacks,$11.58,"fr.shoppingmall (1,985) 97.2%",Free International Shipping,Not Available,from China,Not Available
üå∂Ô∏èüå∂Ô∏è 4x CHIP CHALLENGE - WORLDS HOTTEST GIFT  üî•üî•üå∂Ô∏èüå∂Ô∏è - Red Hot Reaper,$15.61,"redhotreaper (1,028) 96.8%",+$17.03 shipping,Not Available,from United Kingdom,Not Available
21 X Tasali Chips Potato Cumin And Lemon 12 Gram ÿ™ÿ≥ÿßŸÑŸä ÿ¥Ÿäÿ®ÿ≥ ŸÉŸÖŸàŸÜ ŸàŸÑŸäŸÖŸàŸÜ,$24.99,juliastore20 (238) 93.5%,Free International Shipping,1 watchers,from Jordan,Not Available
"2x ‚ÄúAproppo‚Äù,Great snack",$10.00,konikov2010 (320) 100%,Free International Shipping,Not Available,from Israel,Not Available
KURUT Kurt Qurt –ö—É—Ä—Ç –Ω–µ–∂–∏—Ä–Ω—ã–π —Å–æ–ª–µ–Ω—ã–π –ê–π—Å 70g,$12.00,kbay77 (8) 100%,Free International Shipping,Not Available,from Kazakhstan,Not Available
3x ƒÄda≈æu Latvian chips/ snack/ 3 flavors/ cheese/ dill/ tomato/ 130g x3,$33.00,samriek02 (84) 100%,+$17.00 shipping,Not Available,from Latvia,Not Available
5Packs*100g Philippines Profood Cebu Dried Mangoes mango strips Fruit Food,$26.68,"bloomforever08 (3,280) 98.7%",+$2.00 shipping,Not Available,from China,6% off
Slush Puppie Squeezee Ice Pop - 60ml - 4 Flavours - (Select Pack Size),$12.93 to $37.47,"diyandhome (2,915) 99.6%",+$58.43 shipping estimate,Not Available,from United Kingdom,Not Available
Eti Wafe Up Wafer | Tasty Snacks | 40g X 12pcs | Mix Flavors,$34.00,zaalet_0 (19) 95.2%,Free International Shipping,Not Available,from Jordan,Not Available
Organic Dried Blueberries Gluten Free Baking Cooking Breakfast Snacking Healthy,$3.92 to $49.77,yours-marketplace (566) 98.5%,+$47.20 shipping,Not Available,from United Kingdom,Not Available
China La Tiao Snack Gift A Variety of Spicy Strips Spicy Big Gluten Snacks 218g,$14.99,chinateamall (25) 92.3%,+$4.99 shipping,Not Available,from China,Not Available
Kernel Season's Popcorn Seasoning Various Popcorn Flavouring 85g,$15.07 to $17.03,"jzzukltd (246,567) 99.3%",+$57.73 shipping estimate,Not Available,from United Kingdom,Not Available
Mamee Monster Noodle Snack (BBQ & Chicken Flavour) Crispy Snacks 250g HALAL,$10.48 to $16.39,"starrymartuk (9,878) 99.8%",+$57.70 shipping estimate,Not Available,from United Kingdom,Not Available
Whole Apricots (Large),$8.50 to $42.13,"wholefoodearth (8,110) 99.6%",+$81.66 shipping estimate,Not Available,from United Kingdom,Not Available
2 x TAOTONG Shredded Seasoned Cuttlefish Seafood Snack Delicious Pantry 11.5g,$13.53,"megaquality_es2 (1,519) 89.1%",+$0.59 shipping,Not Available,from Thailand,Not Available
Tayto Assorted  / Variety 20 Pack Crisps,$11.79,edmcco_5 (342) 99.2%,+$53.49 shipping estimate,3 watchers,from United Kingdom,Not Available
25 Pieces Snack Box Candy Sample Japanese Korean Thailand Taiwan,$13.00 to $17.00,"premierproductsworld (1,509) 99.4%",+$26.64 shipping,Not Available,from United States,Not Available
"Cheetos Crunchy Flamin' Hot Cheese Flavored Snack Chips 8.5 oz, 3 pack",$27.64,"cluburban (91,293) 99.5%",Free International Shipping,Not Available,from United States,Not Available
"TOHO""Potato Frai"" Fried Potato Snack, Fried Chicken, 5 bags, Japanese snack",$4.20,"market_tokyo (13,289) 98.9%",+$11.00 shipping,16+ watchers,from Japan,Not Available
+10pc Baklava Fresh Baked Chicago Sweets FREE SHIPPING,$16.99,neqd7293 (493) 96.7%,+$26.64 shipping,Not Available,from United States,Not Available
"Cheetos Crunchy Flamin' Hot Cheese Flavored Snack Chips 8.5 oz, 1 pack",$15.74,"cluburban (91,293) 99.5%",Free International Shipping,Not Available,from United States,Not Available
20g x 10 Liangpinpuzi Spicy Latiao Hotstrips Chinese Snack Bag,$13.93,"fr.shoppingmall (1,985) 97.2%",Free International Shipping,Not Available,from China,Not Available
TAHI SPICY MINCED MEAT LAAB-NAMTOK SAUCE POWDER (Rosdee menu),$8.50,beer88-thailand (219) 100%,Free International Shipping,Not Available,from Thailand,Not Available
Lays Potato Chips-  Exotic Snacks - Crispy Fried Chicken Flavor- Taiwan - Sealed,$4.99,bigdeborahsnacksandgifts (37) 100%,+$17.80 shipping,12 watchers,from United States,Not Available
Calbee Potato Farm Jaga Pokkuru Popular Potato Snack from Hokkaido Japan,$21.56,"good-items-japan (33,617) 98.5%",+$9.00 shipping,Not Available,from Japan,Not Available
lava lava chips 3pack,$13.00,"rol_sovk (1,102) 100%",+$9.00 shipping,Not Available,from Latvia,Not Available
Korea üá∞üá∑ - Pringles Smokey BBQ Lovers Pizza,$5.16,inoutsnackz (4) 100%,+$22.10 shipping,Not Available,from Canada,Not Available
Monori Heads Shrimp Cheek Fried Snack Hi Calcium Delicious Grilled Seaweed 18g,$9.43,"megaquality9 (73,250) 93.5%",+$3.13 shipping,Not Available,from Thailand,Not Available
"Nature‚Äôs Garden Probiotic Yoggies Strawberry 30ct - Delicious, Gut-Healthy Snack",$28.99,prettylovebeauty (915) 100%,+$50.58 shipping,Not Available,from United States,Not Available
Original Tao Do Tan Cuong Hang Du Muc 2.2 lbs each Bag - Dried Hetian Jujube,$48.50,"qungu_7181 (1,718) 99.5%",+$51.15 shipping,Not Available,from United States,Not Available
150g Bacchus flavor marinated pig's feet marinated meat cooked food ÁôæËçâÂë≥È¶ôÂç§Áå™ËπÑ,$14.22 to $38.99,huanglimin2 (349) 98.7%,Free International Shipping,Not Available,from China,Not Available
Hokkaido Limited pringles scallops soysauce potato chips F/S From Japan Hokkaido,$31.00,hokkaido-love (229) 97.4%,Free International Shipping,5 watchers,from Japan,Not Available
500g Dried Persimmon Snacks Chinese Food SHIBING,$25.38,"bloomforever08 (3,280) 98.7%",Free International Shipping,Not Available,from China,6% off
"Sabritas Mexican Chips Ruffles  Mega Crunch Salsa Roja , 5 bagas (42G)",$12.63,mexicansstuff (965) 97.1%,+$17.96 shipping,Not Available,from United States,Not Available
Pick 3: 6 Flavors Doritos - Taiwan Only Flavor! Flavors Update Occationally,$25.00,yourasiashopper (37) 100%,+$0.10 shipping,17 watchers,from Taiwan,Not Available
"Cheetos Xtra Flamin' Hot Sabritas Mexican, 5 Bags (45g... by SnacksMexico",$11.70,mexicansstuff (965) 97.1%,+$17.96 shipping,Not Available,from United States,Not Available
Lay's potato chips 120 g with crab flavor,$17.99,ukrfamilystore (40) 100%,Free International Shipping,45 watchers,from Ukraine,Not Available
BAMBA Osem 60 Years Collectible Limited Edition Israel Peanut Butter Snacks,$22.00,"amaya777ya (3,017) 100%",+$24.00 shipping,Not Available,from Israel,Not Available
"Papatinas Chilix Barcel Mexican Chips, 10 bags",$16.37,mexicansstuff (965) 97.1%,+$17.96 shipping,Not Available,from United States,Not Available
"Cheetos Crunchy Xxtra Flamin Hot' Cheese Flavored Chips Puffed Snacks, 8.5 oz",$15.74,"cluburban (91,293) 99.5%",Free International Shipping,Not Available,from United States,Not Available
New ListingKoikeya Suppa Mucho Potato and Vinegar flavor Potato chips 55g from Japan,$5.50,"danke2233 (2,244) 100%",+$5.00 shipping,Not Available,from Japan,Not Available
Jamaican snacks Combo,$120.05,den-352060 (0) 0%,+$2.00 shipping,Not Available,from Jamaica,Not Available
OLW Cheez Doodles Snacks Ostepop Original Big Bags 2X225g,$35.90,nordiccollection (596) 100%,Free International Shipping,Not Available,from Norway,Not Available
200G/bag Bird's Nest Tremella Soybean Milk Powder Instant Nutritional HOTÁáïÁ™ùÈì∂ËÄ≥Ë±ÜÊµÜÁ≤â,$14.99 to $30.66,appreciatezhu (876) 98.1%,Free International Shipping,Not Available,from China,Not Available
Gruntled Premium Pork Scratchings Sea Salt 2 x (20 x 35g) Packs-Full Case SEALED,$1.57,snkrplugraffles (169) 97.9%,+$62.05 shipping estimate,Not Available,from United Kingdom,Not Available
LORENZ NicNac's DOUBLE CRUNCH PEANUTS Pack 110g New from Germany,$7.95,"germandelimarket (13,157) 99.4%",+$6.00 shipping,Not Available,from Germany,Not Available
Sea Temple Snacks Japanese Baked Scallops 5 oz ea (2 Packs) exp 4/22/2025,$27.99,vinashoptv (51) 100%,+$26.96 shipping,Not Available,from United States,Not Available
ORION Turtle Chips Choco Churros Korean 4 Layers Chocolate Snacks 160g Pack of 3,$19.66,cybern-98 (59) 100%,+$48.53 shipping estimate,Not Available,from United Kingdom,Not Available
500g Mixed Flavors Weilong Moyushuang Chinese Spicy Snacks Âç´ÈæôÈ≠îËäãÁàΩÁ¥†ÊØõËÇöÈõ∂È£üÊ∑∑ÂêàÂè£Âë≥,$23.99,zhongli_85 (435) 100%,Free International Shipping,Not Available,from China,Not Available
Directors Cut Chilli Twists 24x40g,$26.16,"brmorr-1151 (1,441) 99.2%",+$48.76 shipping estimate,Not Available,from United Kingdom,Not Available
1 LB CHAPULINES PICOSITOS (spicy grasshoppers)  from OAXACA,$43.99,oaxproductosoaxaquenos (283) 100%,+$27.87 shipping,Not Available,from United States,Not Available
46 Pure Protein Bars Lot Assorted Flavors 20g 21g Chewy Chocolate Deluxe Chip,$56.99,"ibexpc (2,064) 99.1%",+$102.72 shipping,8 watchers,from United States,Not Available
Calbee Jagarico Salad taste snack 60g from Japan japanese snack jagariko,$3.41,sakura_japanfoods_emporium (132) 100%,+$6.50 shipping,Not Available,from Japan,20% off
Potato Chips Lays Meat Pan with Mushrooms Flavors  -  120g (4.23 oz),$13.00,andcher55 (5) 100%,+$3.60 shipping,7 watchers,from Ukraine,Not Available
Horsh Chinese Burger 420g Bread,$21.28,b2c.gb (317) 94.8%,Free International Shipping,Not Available,from China,Not Available
Walkers Bacon Flavour Fries Snacks 12 x 24g,$12.77,"marylizb44 (1,653) 100%",+$52.48 shipping estimate,Not Available,from United Kingdom,Not Available
"Spicy Tapioca Chips Kerepek Ubi Pedas Bersira M'sia, 200g, exp 30th Nov '24",$6.43,niclawgourmet (249) 100%,+$18.36 shipping,Not Available,from United Kingdom,Not Available
"Dry Raw Gol Gappa, Pani Puri, Ready to Fry Pani Puri Premium Quality! 50g-2kg",$4.58 to $43.26,"adams-ingredients (32,161) 99.6%",+$49.35 shipping estimate,Not Available,from United Kingdom,Not Available
ORION Turtle Chips Choco Churros Korean 4 Layers Chocolate Snacks 160g,$11.79,"starrymartuk (9,878) 99.8%",+$48.26 shipping estimate,Not Available,from United Kingdom,Not Available
Calbee Jagarico Salad taste snack 57g from Japan japanese snack jagariko,$3.99,traditionalbeautyofjapan25 (353) 99.6%,+$8.00 shipping,Not Available,from Japan,Not Available
"Dried sweet potato 100% sweetpotato,Organic Diet Snack Chinese Food 100g~1000g",$9.49 to $44.64,zhaoyan_76 (311) 98.8%,+$9.99 shipping,Not Available,from China,5% off
Emily Seaweed Crisps Sea Salt 50g-8 Pack,$28.14,"gudz_uk (22,937) 98.2%",+$6.85 shipping,Not Available,from United Kingdom,Not Available
Walkers Squares Salt & Vinegar Snacks 15 Packs x 72g,$20.92,"menzies_wholesale (1,975) 98.9%",+$53.75 shipping estimate,8 watchers,from United Kingdom,Not Available
Little Debbie Snack Cakes 48 Piece Variety Pack.  Always Fresh!,$19.99,twdistr0 (358) 98.9%,+$82.78 shipping,20 watchers,from United States,Not Available
Haldiram's Indian Snacks All Variety Namkeen/Aloo Bhujia/Bhel Puri/Bhujia  200g,$5.23 to $20.97,"kathmanducorner01 (1,230) 90.5%",+$18.35 shipping,Not Available,from United Kingdom,Not Available
"Trader Joe's DILL PICKLE Potato Chips ~ Gluten Free ~ Choose 1, 2, or 4 Bags ~",$13.95 to $34.95,"tjs_to_your_door (2,223) 100%",+$36.55 shipping,Not Available,from United States,Not Available
4 x CHIP CHALLENGE .... WORLDS HOTTEST CHILLI CHIP üî•üî•üî•,$15.71,"sunnydays1845 (2,435) 99.8%",+$53.03 shipping estimate,Not Available,from United Kingdom,Not Available
Chips Crisps Bags All Collections - Deliciously Light & Crispy Chips Snaks Bags,$14.41 to $32.77,"varuna27 (6,506) 96.7%",+$78.68 shipping,Not Available,from United Kingdom,Not Available
"Amos 4D 3D + Delicious Gummy Snack Packs!! Fruits, Fast Food or Building Blocks!",$2.99,naturopathicone (485) 100%,+$21.39 shipping,Not Available,from United States,Not Available
Combos Pretzels & Crackers Variety Box | Pack of 4 by Broadway Candy,$31.46,"broadwaycandyco (12,425) 99.4%",+$53.58 shipping estimate,Not Available,from United Kingdom,Not Available
Karinto fried dough cookies Black sugar with Peanut 110g Yamawaki from Japan,$7.00,"danke2233 (2,244) 100%",+$5.00 shipping,Not Available,from Japan,Not Available
29 x 25g Welch's Mixed Fruit Snacks Pouches Made With Real Fruit Gluten Free¬†¬†A,$15.72,"belaeuk2014 (11,332) 98.8%",+$57.67 shipping estimate,Not Available,from United Kingdom,Not Available
Yuki & Love Peanut Mochi Mochi Japanese way 210g,$3.07,"asia-in_de (12,209) 99.1%",+$16.45 shipping,Not Available,from Germany,Not Available
Naturally Osmotic Dried Strawberries 30g-4.9kg Fragaria Ananassa - Sugar Free,$13.50 to $247.50,"greekherbay_com (2,110) 99.8%",Free International Shipping,Not Available,from Greece,Not Available
500g Spicy Silver Fish Dried Small Fish Instant Chinese Specialty Seafood Snacks,$8.04 to $24.06,ph.factoryshop (214) 96.3%,+$2.94 shipping,Not Available,from China,Not Available
"""Latinos Hala Chips"" with natural corn  Fiery Spices ( best price for you )",$2.50,na_460386 (1) 100%,Free International Shipping,Not Available,from Jordan,Not Available
"Barcel Mexican Chips Toreadas Habanero, 5 BAGS (42 g)",$10.97,mexicansstuff (965) 97.1%,+$17.96 shipping,Not Available,from United States,Not Available
Canadian Snacks Care Package LIMITED TIME,$8.00 to $140.00,siyori (29) 83.3%,+$30.00 shipping,Not Available,from Canada,Not Available
Chilli Challenge Sweets & Chocolate Spicy Lime Mango Jelly Beans Chilli Gummies,$13.10,"2014uklucif (7,710) 98.6%",+$22.23 shipping,6 watchers,from United Kingdom,Not Available
Umaiwa Cheese flavor corn snack 75g japanese snack from Japan Riska,$5.00,"danke2233 (2,244) 100%",+$5.00 shipping,Not Available,from Japan,Not Available
"Danish, Cookies, Cakes, Pastries, Desserts, Snack Care Package 20 Count Gift Box",$38.99,"chatteringparrots (10,420) 98.5%",+$50.87 shipping,Not Available,from United States,Not Available
Large bowl olive wood wood bowl bowl olive wood bowl cereal bowl,$54.74 to $65.71,"olivenholzliebhaber (8,844) 100%",+$21.83 shipping,6+ watchers,from Germany,Not Available
YOPOKKI Carbonara Topokki Instant Korean Rice Cake Cup Tteokbokki 120g,$12.46 to $24.85,"starrymartuk (9,878) 99.8%",+$57.79 shipping estimate,Not Available,from United Kingdom,Not Available
Wise Cheez Doodles Extra Crunchy Cheddar Chips,$14.85,"jadashats-us (78,998) 99.2%",+$16.99 shipping,8 watchers,from United States,Not Available
Salted Cashews,$8.64 to $30.66,pakwatan_dryfruits (43) 94.4%,+$19.66 shipping,Not Available,from United Kingdom,Not Available
JJ's Bakery Lightly Glazed Snack Pies Kosher Parve 4oz (Chocolate) (Pack of 12),$27.06,"shoptheking (17,528) 98.8%",+$65.29 shipping,Not Available,from United States,Not Available
Oriental Super Ring (New) 30packs √ó 14g + freegifts,$65.00,urgoodsshop (0) 0%,+$10.00 shipping,Not Available,from Malaysia,Not Available
Ë¥µÂ∑ûÈ¶ôÈÖ•ÁÇ∏Ëæ£Ê§íÂπ≤250gÈ¶ôËÑÜÈ∫ªËæ£Èõ∂È£ü Guizhou Crispy Fried Dried Chilli 250g Crispy Spicy Snacks,$17.99,chendaq47 (649) 97.5%,Free International Shipping,Not Available,from China,Not Available
10x Lays chips with tomato ketchup flavor  ÿ¥Ÿäÿ®ÿ≥ ŸÑŸäÿ≤ ÿ®ŸÜŸÉŸáÿ© ŸÉÿßÿ™ÿ¥ÿ® ÿßŸÑÿ∑ŸÖÿßÿ∑ŸÖ,$35.15,vimaryus_0 (10) 83.3%,Free International Shipping,10 watchers,from Jordan,Not Available
New ListingPikachu Cheeto,$100.00,"ghaley812 (1,104) 100%",+$16.90 shipping,Not Available,from United States,Not Available
Thai Crispy Chili Snack Fried Spicy Savory Food Tasty Original/Tom Yum 100 grams,$17.99,sukree33663366 (146) 92.3%,+$5.99 shipping,Not Available,from Thailand,Not Available
Joy Luck Palace Double Egg Yolk Lotus Seed Mooncakes 1 Lb. 8.7 Oz. Exp. 1/21/25,$16.99,"northerndeals4u (1,594) 100%",+$63.96 shipping,Not Available,from United States,Not Available
Mixed Dried Fruit 1kg -  Snack Assorted Selection Pick Mix Dehydrated Dry Fruits,$15.74 to $40.65,"willesdens (17,026) 99.8%",+$81.33 shipping estimate,Not Available,from United Kingdom,Not Available
MICROWAVE POPCORN VARIETY PACK - 9 ASS KICKIN' GOOD FLAVORS! MILD TO SPICY,$31.75,"7thstent (17,113) 100%",+$50.66 shipping,4 watchers,from United States,Not Available
Jamaican Spice Bun - National Brand 6 units,$24.99,littleiretings (1) 100%,+$3.00 shipping,Not Available,from Jamaica,Not Available
Organic Raisins,$13.52 to $29.52,"wholefoodearth (8,110) 99.6%",+$81.23 shipping estimate,Not Available,from United Kingdom,Not Available
Calbee Kappa Ebisen shrimp snack 85g from Japan japanese snack,$5.00,"danke2233 (2,244) 100%",+$5.00 shipping,Not Available,from Japan,Not Available
2x HOT CHIP üî• WORLDS HOTTEST CHILLI CHIP üî•,$9.44,"redhotreaper (1,028) 96.8%",+$17.03 shipping,Not Available,from United Kingdom,Not Available
"Gluten Free Snack Box, Chips, Candy (20 Count) Healthy Snack Care Package",$29.99,"chatteringparrots (10,420) 98.5%",+$50.60 shipping,Not Available,from United States,Not Available
Bamba Israeli snack Collector's item kosher,$189.00,le.company (3) 0%,Free International Shipping,Not Available,from Israel,Not Available
"Amla Digestive Candy Dried Spicy Amla, Salty Dry Amla Supari Source of Vitamin C",$52.00,jjcrunchnmunch (1) 100%,Free International Shipping,Not Available,from India,Not Available
